Record Length,2500,Points,-2.0000E-3,4.00000E-3,
Sample Interval,199.99999E-6,s,-1.8000E-3,4.00000E-3,
Trigger Point,10.0000,Samples,-1.6000E-3,.,
,,,-1.4000E-3,.,
,,,-1.2000E-3,4.00000E-3,
,,,-1.0000E-3,.,
Source,CH1,,-800.000125E-6,.,
Vertical Units,Volts,,-600.000130E-6,.,
Vertical Scale,100.0000E-3,,-400.00014E-6,.,
Vertical Offset,.,,-200.00014E-6,.,
Horizontal Units,s,,-145.5192E-12,.,
Horizontal Scale,50.00000E-3,,199.99985E-6,.,
Pt Fmt,Y,,399.99984E-6,4.00000E-3,
Yzero,.,,599.999839E-6,4.00000E-3,
Probe Atten,10.0000,,799.999834E-6,.,
,,,1.000E-3,.,
Note,TDS 1002 - 10:44:26   13/04/2007,,1.2000E-3,.,
,,,1.4000E-3,.,
,,,1.6000E-3,.,
,,,1.8000E-3,.,
,,,2.0000E-3,4.00000E-3,
,,,2.2000E-3,4.00000E-3,
,,,2.4000E-3,4.00000E-3,
,,,2.6000E-3,.,
,,,2.80000E-3,.,
,,,3.00000E-3,.,
,,,3.20000E-3,.,
,,,3.40000E-3,4.00000E-3,
,,,3.60000E-3,.,
,,,3.80000E-3,.,
,,,4.00000E-3,.,
,,,4.20000E-3,.,
,,,4.40000E-3,4.00000E-3,
,,,4.60000E-3,.,
,,,4.80000E-3,4.00000E-3,
,,,5.00000E-3,.,
,,,5.20000E-3,.,
,,,5.40000E-3,.,
,,,5.60000E-3,.,
,,,5.80000E-3,.,
,,,6.00000E-3,.,
,,,6.20000E-3,4.00000E-3,
,,,6.40000E-3,.,
,,,6.60000E-3,.,
,,,6.80000E-3,.,
,,,7.00000E-3,4.00000E-3,
,,,7.20000E-3,4.00000E-3,
,,,7.400000E-3,4.00000E-3,
,,,7.600000E-3,.,
,,,7.800000E-3,4.00000E-3,
,,,8.000000E-3,.,
,,,8.200000E-3,4.00000E-3,
,,,8.400000E-3,4.00000E-3,
,,,8.600000E-3,4.00000E-3,
,,,8.800000E-3,4.00000E-3,
,,,9.000000E-3,4.00000E-3,
,,,9.200000E-3,4.00000E-3,
,,,9.400000E-3,4.00000E-3,
,,,9.600000E-3,4.00000E-3,
,,,9.800000E-3,4.00000E-3,
,,,10.00000E-3,4.00000E-3,
,,,10.2000E-3,4.00000E-3,
,,,10.4000E-3,4.00000E-3,
,,,10.6000E-3,8.000000E-3,
,,,10.8000E-3,4.00000E-3,
,,,11.0000E-3,4.00000E-3,
,,,11.2000E-3,4.00000E-3,
,,,11.4000E-3,4.00000E-3,
,,,11.6000E-3,8.000000E-3,
,,,11.8000E-3,8.000000E-3,
,,,12.0000E-3,4.00000E-3,
,,,12.2000E-3,4.00000E-3,
,,,12.4000E-3,4.00000E-3,
,,,12.6000E-3,4.00000E-3,
,,,12.8000E-3,8.000000E-3,
,,,13.0000E-3,8.000000E-3,
,,,13.2000E-3,8.000000E-3,
,,,13.4000E-3,8.000000E-3,
,,,13.6000E-3,8.000000E-3,
,,,13.8000E-3,8.000000E-3,
,,,14.0000E-3,8.000000E-3,
,,,14.2000E-3,12.0000E-3,
,,,14.4000E-3,8.000000E-3,
,,,14.6000E-3,12.0000E-3,
,,,14.8000E-3,12.0000E-3,
,,,15.0000E-3,12.0000E-3,
,,,15.2000E-3,12.0000E-3,
,,,15.4000E-3,12.0000E-3,
,,,15.6000E-3,12.0000E-3,
,,,15.8000E-3,12.0000E-3,
,,,16.0000E-3,12.0000E-3,
,,,16.2000E-3,12.0000E-3,
,,,16.4000E-3,12.0000E-3,
,,,16.6000E-3,12.0000E-3,
,,,16.8000E-3,12.0000E-3,
,,,17.0000E-3,12.0000E-3,
,,,17.2000E-3,16.0000E-3,
,,,17.4000E-3,12.0000E-3,
,,,17.6000E-3,12.0000E-3,
,,,17.8000E-3,16.0000E-3,
,,,18.0000E-3,16.0000E-3,
,,,18.2000E-3,12.0000E-3,
,,,18.4000E-3,12.0000E-3,
,,,18.6000E-3,16.0000E-3,
,,,18.8000E-3,12.0000E-3,
,,,19.0000E-3,16.0000E-3,
,,,19.2000E-3,20.0000E-3,
,,,19.4000E-3,16.0000E-3,
,,,19.6000E-3,16.0000E-3,
,,,19.8000E-3,16.0000E-3,
,,,20.0000E-3,20.0000E-3,
,,,20.20000E-3,16.0000E-3,
,,,20.40000E-3,20.0000E-3,
,,,20.60000E-3,20.0000E-3,
,,,20.80000E-3,20.0000E-3,
,,,21.00000E-3,20.0000E-3,
,,,21.20000E-3,20.0000E-3,
,,,21.40000E-3,20.0000E-3,
,,,21.60000E-3,20.0000E-3,
,,,21.80000E-3,20.0000E-3,
,,,22.00000E-3,20.0000E-3,
,,,22.20000E-3,24.00000E-3,
,,,22.40000E-3,24.00000E-3,
,,,22.60000E-3,24.00000E-3,
,,,22.80000E-3,24.00000E-3,
,,,23.00000E-3,28.00000E-3,
,,,23.20000E-3,24.00000E-3,
,,,23.40000E-3,20.0000E-3,
,,,23.60000E-3,28.00000E-3,
,,,23.80000E-3,24.00000E-3,
,,,24.00000E-3,28.00000E-3,
,,,24.20000E-3,28.00000E-3,
,,,24.40000E-3,24.00000E-3,
,,,24.60000E-3,28.00000E-3,
,,,24.80000E-3,28.00000E-3,
,,,25.00000E-3,28.00000E-3,
,,,25.20000E-3,28.00000E-3,
,,,25.40000E-3,28.00000E-3,
,,,25.60000E-3,32.00000E-3,
,,,25.80000E-3,28.00000E-3,
,,,26.00000E-3,32.00000E-3,
,,,26.20000E-3,32.00000E-3,
,,,26.40000E-3,28.00000E-3,
,,,26.60000E-3,32.00000E-3,
,,,26.80000E-3,32.00000E-3,
,,,27.00000E-3,32.00000E-3,
,,,27.20000E-3,32.00000E-3,
,,,27.40000E-3,32.00000E-3,
,,,27.60000E-3,36.00000E-3,
,,,27.80000E-3,32.00000E-3,
,,,28.00000E-3,36.00000E-3,
,,,28.20000E-3,36.00000E-3,
,,,28.40000E-3,36.00000E-3,
,,,28.60000E-3,36.00000E-3,
,,,28.80000E-3,40.00000E-3,
,,,29.00000E-3,40.00000E-3,
,,,29.20000E-3,40.00000E-3,
,,,29.40000E-3,44.00000E-3,
,,,29.60000E-3,40.00000E-3,
,,,29.80000E-3,44.00000E-3,
,,,30.00000E-3,36.00000E-3,
,,,30.20000E-3,40.00000E-3,
,,,30.40000E-3,40.00000E-3,
,,,30.60000E-3,44.00000E-3,
,,,30.80000E-3,44.00000E-3,
,,,31.00000E-3,44.00000E-3,
,,,31.20000E-3,44.00000E-3,
,,,31.40000E-3,44.00000E-3,
,,,31.60000E-3,44.00000E-3,
,,,31.80000E-3,44.00000E-3,
,,,32.00000E-3,44.00000E-3,
,,,32.20000E-3,44.00000E-3,
,,,32.40000E-3,44.00000E-3,
,,,32.60000E-3,44.00000E-3,
,,,32.80000E-3,48.00000E-3,
,,,33.00000E-3,48.00000E-3,
,,,33.20000E-3,44.00000E-3,
,,,33.40000E-3,48.00000E-3,
,,,33.60000E-3,48.00000E-3,
,,,33.80000E-3,48.00000E-3,
,,,34.00000E-3,48.00000E-3,
,,,34.20000E-3,48.00000E-3,
,,,34.40000E-3,48.00000E-3,
,,,34.60000E-3,48.00000E-3,
,,,34.80000E-3,52.00000E-3,
,,,35.00000E-3,52.00000E-3,
,,,35.20000E-3,52.00000E-3,
,,,35.40000E-3,52.00000E-3,
,,,35.60000E-3,52.00000E-3,
,,,35.80000E-3,52.00000E-3,
,,,36.00000E-3,52.00000E-3,
,,,36.20000E-3,52.00000E-3,
,,,36.40000E-3,52.00000E-3,
,,,36.60000E-3,52.00000E-3,
,,,36.80000E-3,52.00000E-3,
,,,37.00000E-3,56.000002E-3,
,,,37.20000E-3,56.000002E-3,
,,,37.40000E-3,56.000002E-3,
,,,37.60000E-3,52.00000E-3,
,,,37.80000E-3,56.000002E-3,
,,,38.00000E-3,56.000002E-3,
,,,38.20000E-3,52.00000E-3,
,,,38.40000E-3,56.000002E-3,
,,,38.60000E-3,56.000002E-3,
,,,38.80000E-3,56.000002E-3,
,,,39.00000E-3,56.000002E-3,
,,,39.20000E-3,60.000002E-3,
,,,39.40000E-3,56.000002E-3,
,,,39.60000E-3,56.000002E-3,
,,,39.80000E-3,60.000002E-3,
,,,40.00000E-3,56.000002E-3,
,,,40.20000E-3,56.000002E-3,
,,,40.40000E-3,60.000002E-3,
,,,40.60000E-3,56.000002E-3,
,,,40.80000E-3,60.000002E-3,
,,,41.00000E-3,56.000002E-3,
,,,41.20000E-3,56.000002E-3,
,,,41.40000E-3,60.000002E-3,
,,,41.60000E-3,56.000002E-3,
,,,41.80000E-3,56.000002E-3,
,,,42.00000E-3,60.000002E-3,
,,,42.20000E-3,56.000002E-3,
,,,42.40000E-3,56.000002E-3,
,,,42.60000E-3,56.000002E-3,
,,,42.80000E-3,56.000002E-3,
,,,43.00000E-3,56.000002E-3,
,,,43.20000E-3,56.000002E-3,
,,,43.40000E-3,56.000002E-3,
,,,43.60000E-3,56.000002E-3,
,,,43.80000E-3,56.000002E-3,
,,,44.00000E-3,56.000002E-3,
,,,44.20000E-3,56.000002E-3,
,,,44.40000E-3,56.000002E-3,
,,,44.60000E-3,52.00000E-3,
,,,44.80000E-3,52.00000E-3,
,,,45.00000E-3,56.000002E-3,
,,,45.20000E-3,52.00000E-3,
,,,45.40000E-3,52.00000E-3,
,,,45.60000E-3,52.00000E-3,
,,,45.80000E-3,52.00000E-3,
,,,46.00000E-3,52.00000E-3,
,,,46.20000E-3,52.00000E-3,
,,,46.40000E-3,52.00000E-3,
,,,46.60000E-3,52.00000E-3,
,,,46.80000E-3,52.00000E-3,
,,,47.00000E-3,48.00000E-3,
,,,47.20000E-3,48.00000E-3,
,,,47.40000E-3,44.00000E-3,
,,,47.60000E-3,44.00000E-3,
,,,47.80000E-3,44.00000E-3,
,,,48.00000E-3,48.00000E-3,
,,,48.20000E-3,44.00000E-3,
,,,48.40000E-3,44.00000E-3,
,,,48.60000E-3,44.00000E-3,
,,,48.80000E-3,44.00000E-3,
,,,49.00000E-3,44.00000E-3,
,,,49.20000E-3,44.00000E-3,
,,,49.40000E-3,44.00000E-3,
,,,49.60000E-3,40.00000E-3,
,,,49.80000E-3,40.00000E-3,
,,,50.00000E-3,36.00000E-3,
,,,50.20000E-3,36.00000E-3,
,,,50.40000E-3,36.00000E-3,
,,,50.60000E-3,36.00000E-3,
,,,50.80000E-3,32.00000E-3,
,,,51.00000E-3,36.00000E-3,
,,,51.20000E-3,32.00000E-3,
,,,51.40000E-3,28.00000E-3,
,,,51.60000E-3,32.00000E-3,
,,,51.80000E-3,28.00000E-3,
,,,52.00000E-3,24.00000E-3,
,,,52.20000E-3,28.00000E-3,
,,,52.40000E-3,28.00000E-3,
,,,52.60000E-3,24.00000E-3,
,,,52.80000E-3,20.0000E-3,
,,,53.00000E-3,20.0000E-3,
,,,53.20000E-3,20.0000E-3,
,,,53.40000E-3,20.0000E-3,
,,,53.60000E-3,20.0000E-3,
,,,53.80000E-3,16.0000E-3,
,,,54.00000E-3,12.0000E-3,
,,,54.20000E-3,12.0000E-3,
,,,54.40000E-3,12.0000E-3,
,,,54.599998E-3,12.0000E-3,
,,,54.799998E-3,8.000000E-3,
,,,54.999998E-3,8.000000E-3,
,,,55.199998E-3,8.000000E-3,
,,,55.399998E-3,4.00000E-3,
,,,55.599998E-3,4.00000E-3,
,,,55.799998E-3,4.00000E-3,
,,,55.999998E-3,4.00000E-3,
,,,56.199998E-3,4.00000E-3,
,,,56.399998E-3,4.00000E-3,
,,,56.599998E-3,4.00000E-3,
,,,56.799998E-3,.,
,,,56.999998E-3,.,
,,,57.199998E-3,-4.00000E-3,
,,,57.399998E-3,-4.00000E-3,
,,,57.599998E-3,-4.00000E-3,
,,,57.799998E-3,-4.00000E-3,
,,,57.999998E-3,-8.000000E-3,
,,,58.199998E-3,-8.000000E-3,
,,,58.399998E-3,-8.000000E-3,
,,,58.599998E-3,-12.0000E-3,
,,,58.799998E-3,-12.0000E-3,
,,,58.999998E-3,-12.0000E-3,
,,,59.199998E-3,-16.0000E-3,
,,,59.399998E-3,-16.0000E-3,
,,,59.599998E-3,-20.0000E-3,
,,,59.799998E-3,-20.0000E-3,
,,,59.999998E-3,-20.0000E-3,
,,,60.199998E-3,-20.0000E-3,
,,,60.399998E-3,-24.00000E-3,
,,,60.599998E-3,-24.00000E-3,
,,,60.799998E-3,-28.00000E-3,
,,,60.999998E-3,-28.00000E-3,
,,,61.199998E-3,-32.00000E-3,
,,,61.399998E-3,-36.00000E-3,
,,,61.599998E-3,-36.00000E-3,
,,,61.799998E-3,-36.00000E-3,
,,,61.999998E-3,-40.00000E-3,
,,,62.199998E-3,-40.00000E-3,
,,,62.399998E-3,-44.00000E-3,
,,,62.599998E-3,-44.00000E-3,
,,,62.799998E-3,-44.00000E-3,
,,,62.999998E-3,-48.00000E-3,
,,,63.199998E-3,-48.00000E-3,
,,,63.399998E-3,-52.00000E-3,
,,,63.599998E-3,-56.000002E-3,
,,,63.799998E-3,-56.000002E-3,
,,,63.999998E-3,-60.000002E-3,
,,,64.199998E-3,-64.000003E-3,
,,,64.399998E-3,-64.000003E-3,
,,,64.599998E-3,-64.000003E-3,
,,,64.799998E-3,-68.000004E-3,
,,,64.999998E-3,-72.000004E-3,
,,,65.199998E-3,-72.000004E-3,
,,,65.399998E-3,-76.000005E-3,
,,,65.599998E-3,-76.000005E-3,
,,,65.799998E-3,-80.000006E-3,
,,,65.999998E-3,-80.000006E-3,
,,,66.199998E-3,-84.000006E-3,
,,,66.399998E-3,-88.000007E-3,
,,,66.599998E-3,-88.000007E-3,
,,,66.799998E-3,-92.000008E-3,
,,,66.999998E-3,-92.000008E-3,
,,,67.199998E-3,-96.000001E-3,
,,,67.399998E-3,-100.0000E-3,
,,,67.599998E-3,-104.0000E-3,
,,,67.799998E-3,-112.0000E-3,
,,,67.999998E-3,-116.0000E-3,
,,,68.199998E-3,-120.0000E-3,
,,,68.399998E-3,-120.0000E-3,
,,,68.599998E-3,-124.0000E-3,
,,,68.799998E-3,-128.0000E-3,
,,,68.999998E-3,-128.0000E-3,
,,,69.199998E-3,-132.0000E-3,
,,,69.399998E-3,-136.0000E-3,
,,,69.599998E-3,-136.0000E-3,
,,,69.799998E-3,-140.0000E-3,
,,,69.999998E-3,-136.0000E-3,
,,,70.199998E-3,-136.0000E-3,
,,,70.399998E-3,-136.0000E-3,
,,,70.599998E-3,-136.0000E-3,
,,,70.799998E-3,-140.0000E-3,
,,,70.999998E-3,-136.0000E-3,
,,,71.199998E-3,-136.0000E-3,
,,,71.399998E-3,-140.0000E-3,
,,,71.599998E-3,-136.0000E-3,
,,,71.799998E-3,-136.0000E-3,
,,,71.999998E-3,-136.0000E-3,
,,,72.199998E-3,-136.0000E-3,
,,,72.399998E-3,-132.0000E-3,
,,,72.599998E-3,-128.0000E-3,
,,,72.799998E-3,-120.0000E-3,
,,,72.999998E-3,-116.0000E-3,
,,,73.199998E-3,-112.0000E-3,
,,,73.399998E-3,-116.0000E-3,
,,,73.599998E-3,-112.0000E-3,
,,,73.799998E-3,-112.0000E-3,
,,,73.999998E-3,-108.0000E-3,
,,,74.199998E-3,-108.0000E-3,
,,,74.399998E-3,-104.0000E-3,
,,,74.599998E-3,-104.0000E-3,
,,,74.799998E-3,-104.0000E-3,
,,,74.999998E-3,-100.0000E-3,
,,,75.199998E-3,-100.0000E-3,
,,,75.399998E-3,-96.000001E-3,
,,,75.599998E-3,-96.000001E-3,
,,,75.799998E-3,-96.000001E-3,
,,,75.999998E-3,-96.000001E-3,
,,,76.199998E-3,-92.000008E-3,
,,,76.399998E-3,-92.000008E-3,
,,,76.599998E-3,-88.000007E-3,
,,,76.799998E-3,-88.000007E-3,
,,,76.999998E-3,-84.000006E-3,
,,,77.199998E-3,-80.000006E-3,
,,,77.399998E-3,-80.000006E-3,
,,,77.599998E-3,-80.000006E-3,
,,,77.799998E-3,-76.000005E-3,
,,,77.999998E-3,-76.000005E-3,
,,,78.199998E-3,-72.000004E-3,
,,,78.399998E-3,-72.000004E-3,
,,,78.599998E-3,-72.000004E-3,
,,,78.799998E-3,-68.000004E-3,
,,,78.999998E-3,-64.000003E-3,
,,,79.199998E-3,-64.000003E-3,
,,,79.399998E-3,-60.000002E-3,
,,,79.599998E-3,-64.000003E-3,
,,,79.799998E-3,-60.000002E-3,
,,,79.999998E-3,-60.000002E-3,
,,,80.199998E-3,-56.000002E-3,
,,,80.399998E-3,-56.000002E-3,
,,,80.599998E-3,-56.000002E-3,
,,,80.799998E-3,-52.00000E-3,
,,,80.999998E-3,-48.00000E-3,
,,,81.199998E-3,-48.00000E-3,
,,,81.399998E-3,-48.00000E-3,
,,,81.599998E-3,-48.00000E-3,
,,,81.799998E-3,-44.00000E-3,
,,,81.999998E-3,-40.00000E-3,
,,,82.199998E-3,-44.00000E-3,
,,,82.399998E-3,-40.00000E-3,
,,,82.599998E-3,-40.00000E-3,
,,,82.799998E-3,-36.00000E-3,
,,,82.999998E-3,-40.00000E-3,
,,,83.199998E-3,-36.00000E-3,
,,,83.399998E-3,-36.00000E-3,
,,,83.599998E-3,-36.00000E-3,
,,,83.799998E-3,-32.00000E-3,
,,,83.999998E-3,-32.00000E-3,
,,,84.199998E-3,-28.00000E-3,
,,,84.399998E-3,-32.00000E-3,
,,,84.599998E-3,-28.00000E-3,
,,,84.799998E-3,-28.00000E-3,
,,,84.999998E-3,-24.00000E-3,
,,,85.199998E-3,-28.00000E-3,
,,,85.399998E-3,-24.00000E-3,
,,,85.599998E-3,-24.00000E-3,
,,,85.799998E-3,-20.0000E-3,
,,,85.999998E-3,-20.0000E-3,
,,,86.199998E-3,-20.0000E-3,
,,,86.399998E-3,-20.0000E-3,
,,,86.599998E-3,-20.0000E-3,
,,,86.799998E-3,-20.0000E-3,
,,,86.999998E-3,-20.0000E-3,
,,,87.199998E-3,-20.0000E-3,
,,,87.399998E-3,-20.0000E-3,
,,,87.599998E-3,-16.0000E-3,
,,,87.799998E-3,-16.0000E-3,
,,,87.999998E-3,-16.0000E-3,
,,,88.199998E-3,-16.0000E-3,
,,,88.399998E-3,-12.0000E-3,
,,,88.599998E-3,-12.0000E-3,
,,,88.799998E-3,-12.0000E-3,
,,,88.999998E-3,-12.0000E-3,
,,,89.199998E-3,-12.0000E-3,
,,,89.399998E-3,-12.0000E-3,
,,,89.599998E-3,-8.000000E-3,
,,,89.799998E-3,-12.0000E-3,
,,,89.999998E-3,-12.0000E-3,
,,,90.199998E-3,-12.0000E-3,
,,,90.399998E-3,-8.000000E-3,
,,,90.599998E-3,-8.000000E-3,
,,,90.799998E-3,-12.0000E-3,
,,,90.999998E-3,-12.0000E-3,
,,,91.199998E-3,-8.000000E-3,
,,,91.399998E-3,-8.000000E-3,
,,,91.599998E-3,-12.0000E-3,
,,,91.799998E-3,-8.000000E-3,
,,,91.999998E-3,-8.000000E-3,
,,,92.199998E-3,-12.0000E-3,
,,,92.399998E-3,-8.000000E-3,
,,,92.599998E-3,-8.000000E-3,
,,,92.799998E-3,-8.000000E-3,
,,,92.999998E-3,-8.000000E-3,
,,,93.199998E-3,-4.00000E-3,
,,,93.399997E-3,-4.00000E-3,
,,,93.599997E-3,-4.00000E-3,
,,,93.799997E-3,-4.00000E-3,
,,,93.999997E-3,-4.00000E-3,
,,,94.199997E-3,-4.00000E-3,
,,,94.399997E-3,-4.00000E-3,
,,,94.599997E-3,-4.00000E-3,
,,,94.799997E-3,-4.00000E-3,
,,,94.999997E-3,-4.00000E-3,
,,,95.199997E-3,-4.00000E-3,
,,,95.399997E-3,-4.00000E-3,
,,,95.599997E-3,.,
,,,95.799997E-3,.,
,,,95.999997E-3,.,
,,,96.199997E-3,-4.00000E-3,
,,,96.399997E-3,.,
,,,96.599997E-3,.,
,,,96.799997E-3,.,
,,,96.999997E-3,4.00000E-3,
,,,97.199997E-3,4.00000E-3,
,,,97.399997E-3,.,
,,,97.599997E-3,4.00000E-3,
,,,97.799997E-3,4.00000E-3,
,,,97.999997E-3,4.00000E-3,
,,,98.199997E-3,4.00000E-3,
,,,98.399997E-3,4.00000E-3,
,,,98.599997E-3,8.000000E-3,
,,,98.799997E-3,8.000000E-3,
,,,98.999997E-3,8.000000E-3,
,,,99.199997E-3,8.000000E-3,
,,,99.399997E-3,8.000000E-3,
,,,99.599997E-3,12.0000E-3,
,,,99.799997E-3,12.0000E-3,
,,,99.999997E-3,16.0000E-3,
,,,100.2000E-3,16.0000E-3,
,,,100.4000E-3,16.0000E-3,
,,,100.6000E-3,20.0000E-3,
,,,100.8000E-3,20.0000E-3,
,,,101.0000E-3,20.0000E-3,
,,,101.2000E-3,24.00000E-3,
,,,101.4000E-3,24.00000E-3,
,,,101.6000E-3,28.00000E-3,
,,,101.8000E-3,28.00000E-3,
,,,102.0000E-3,28.00000E-3,
,,,102.2000E-3,32.00000E-3,
,,,102.4000E-3,36.00000E-3,
,,,102.6000E-3,36.00000E-3,
,,,102.8000E-3,40.00000E-3,
,,,103.0000E-3,44.00000E-3,
,,,103.2000E-3,44.00000E-3,
,,,103.4000E-3,44.00000E-3,
,,,103.6000E-3,48.00000E-3,
,,,103.8000E-3,52.00000E-3,
,,,104.0000E-3,56.000002E-3,
,,,104.2000E-3,60.000002E-3,
,,,104.4000E-3,64.000003E-3,
,,,104.6000E-3,68.000004E-3,
,,,104.8000E-3,72.000004E-3,
,,,105.0000E-3,76.000005E-3,
,,,105.2000E-3,80.000006E-3,
,,,105.4000E-3,88.000007E-3,
,,,105.6000E-3,88.000007E-3,
,,,105.8000E-3,96.000001E-3,
,,,106.0000E-3,100.0000E-3,
,,,106.2000E-3,108.0000E-3,
,,,106.4000E-3,112.0000E-3,
,,,106.6000E-3,116.0000E-3,
,,,106.8000E-3,120.0000E-3,
,,,107.0000E-3,128.0000E-3,
,,,107.2000E-3,132.0000E-3,
,,,107.4000E-3,140.0000E-3,
,,,107.6000E-3,144.0000E-3,
,,,107.8000E-3,148.0000E-3,
,,,108.0000E-3,152.00001E-3,
,,,108.2000E-3,160.00001E-3,
,,,108.4000E-3,164.00000E-3,
,,,108.6000E-3,168.00001E-3,
,,,108.8000E-3,172.00001E-3,
,,,109.0000E-3,176.00001E-3,
,,,109.2000E-3,180.00001E-3,
,,,109.4000E-3,184.00002E-3,
,,,109.6000E-3,184.00002E-3,
,,,109.8000E-3,188.00001E-3,
,,,110.0000E-3,188.00001E-3,
,,,110.2000E-3,192.00000E-3,
,,,110.4000E-3,196.00001E-3,
,,,110.6000E-3,196.00001E-3,
,,,110.8000E-3,200.00000E-3,
,,,111.0000E-3,200.00000E-3,
,,,111.2000E-3,200.00000E-3,
,,,111.4000E-3,196.00001E-3,
,,,111.6000E-3,200.00000E-3,
,,,111.8000E-3,200.00000E-3,
,,,112.0000E-3,196.00001E-3,
,,,112.2000E-3,196.00001E-3,
,,,112.4000E-3,196.00001E-3,
,,,112.6000E-3,192.00000E-3,
,,,112.8000E-3,188.00001E-3,
,,,113.0000E-3,184.00002E-3,
,,,113.2000E-3,180.00001E-3,
,,,113.4000E-3,180.00001E-3,
,,,113.6000E-3,176.00001E-3,
,,,113.8000E-3,168.00001E-3,
,,,114.0000E-3,168.00001E-3,
,,,114.2000E-3,160.00001E-3,
,,,114.4000E-3,156.00000E-3,
,,,114.6000E-3,148.0000E-3,
,,,114.8000E-3,144.0000E-3,
,,,115.0000E-3,140.0000E-3,
,,,115.2000E-3,136.0000E-3,
,,,115.4000E-3,128.0000E-3,
,,,115.6000E-3,120.0000E-3,
,,,115.8000E-3,112.0000E-3,
,,,116.0000E-3,104.0000E-3,
,,,116.2000E-3,96.000001E-3,
,,,116.4000E-3,88.000007E-3,
,,,116.6000E-3,84.000006E-3,
,,,116.8000E-3,80.000006E-3,
,,,117.0000E-3,68.000004E-3,
,,,117.2000E-3,60.000002E-3,
,,,117.4000E-3,56.000002E-3,
,,,117.6000E-3,48.00000E-3,
,,,117.8000E-3,40.00000E-3,
,,,118.0000E-3,32.00000E-3,
,,,118.2000E-3,24.00000E-3,
,,,118.4000E-3,20.0000E-3,
,,,118.6000E-3,12.0000E-3,
,,,118.8000E-3,8.000000E-3,
,,,119.0000E-3,.,
,,,119.2000E-3,-4.00000E-3,
,,,119.4000E-3,-8.000000E-3,
,,,119.6000E-3,-12.0000E-3,
,,,119.8000E-3,-20.0000E-3,
,,,120.0000E-3,-20.0000E-3,
,,,120.2000E-3,-28.00000E-3,
,,,120.4000E-3,-28.00000E-3,
,,,120.6000E-3,-32.00000E-3,
,,,120.8000E-3,-40.00000E-3,
,,,121.0000E-3,-44.00000E-3,
,,,121.2000E-3,-44.00000E-3,
,,,121.4000E-3,-52.00000E-3,
,,,121.6000E-3,-56.000002E-3,
,,,121.8000E-3,-56.000002E-3,
,,,122.0000E-3,-64.000003E-3,
,,,122.2000E-3,-72.000004E-3,
,,,122.4000E-3,-72.000004E-3,
,,,122.6000E-3,-80.000006E-3,
,,,122.8000E-3,-80.000006E-3,
,,,123.0000E-3,-88.000007E-3,
,,,123.2000E-3,-92.000008E-3,
,,,123.4000E-3,-100.0000E-3,
,,,123.6000E-3,-104.0000E-3,
,,,123.8000E-3,-108.0000E-3,
,,,124.0000E-3,-112.0000E-3,
,,,124.2000E-3,-116.0000E-3,
,,,124.4000E-3,-120.0000E-3,
,,,124.6000E-3,-124.0000E-3,
,,,124.8000E-3,-128.0000E-3,
,,,125.0000E-3,-132.0000E-3,
,,,125.2000E-3,-136.0000E-3,
,,,125.4000E-3,-140.0000E-3,
,,,125.6000E-3,-144.0000E-3,
,,,125.8000E-3,-148.0000E-3,
,,,126.0000E-3,-152.00001E-3,
,,,126.2000E-3,-152.00001E-3,
,,,126.4000E-3,-156.00000E-3,
,,,126.6000E-3,-156.00000E-3,
,,,126.8000E-3,-160.00001E-3,
,,,127.0000E-3,-160.00001E-3,
,,,127.2000E-3,-164.00000E-3,
,,,127.4000E-3,-164.00000E-3,
,,,127.6000E-3,-164.00000E-3,
,,,127.8000E-3,-164.00000E-3,
,,,128.0000E-3,-164.00000E-3,
,,,128.2000E-3,-164.00000E-3,
,,,128.4000E-3,-164.00000E-3,
,,,128.6000E-3,-160.00001E-3,
,,,128.8000E-3,-164.00000E-3,
,,,129.0000E-3,-160.00001E-3,
,,,129.2000E-3,-156.00000E-3,
,,,129.4000E-3,-156.00000E-3,
,,,129.6000E-3,-156.00000E-3,
,,,129.8000E-3,-128.0000E-3,
,,,130.0000E-3,-112.0000E-3,
,,,130.2000E-3,-140.0000E-3,
,,,130.4000E-3,-148.0000E-3,
,,,130.6000E-3,-140.0000E-3,
,,,130.8000E-3,-140.0000E-3,
,,,131.0000E-3,-136.0000E-3,
,,,131.2000E-3,-132.0000E-3,
,,,131.4000E-3,-132.0000E-3,
,,,131.6000E-3,-128.0000E-3,
,,,131.8000E-3,-124.0000E-3,
,,,132.0000E-3,-120.0000E-3,
,,,132.2000E-3,-116.0000E-3,
,,,132.4000E-3,-112.0000E-3,
,,,132.6000E-3,-112.0000E-3,
,,,132.8000E-3,-108.0000E-3,
,,,133.0000E-3,-104.0000E-3,
,,,133.2000E-3,-100.0000E-3,
,,,133.4000E-3,-96.000001E-3,
,,,133.6000E-3,-96.000001E-3,
,,,133.8000E-3,-92.000008E-3,
,,,134.0000E-3,-88.000007E-3,
,,,134.2000E-3,-88.000007E-3,
,,,134.4000E-3,-80.000006E-3,
,,,134.6000E-3,-80.000006E-3,
,,,134.8000E-3,-76.000005E-3,
,,,135.0000E-3,-72.000004E-3,
,,,135.2000E-3,-68.000004E-3,
,,,135.4000E-3,-64.000003E-3,
,,,135.6000E-3,-64.000003E-3,
,,,135.8000E-3,-64.000003E-3,
,,,136.0000E-3,-60.000002E-3,
,,,136.2000E-3,-56.000002E-3,
,,,136.4000E-3,-56.000002E-3,
,,,136.6000E-3,-56.000002E-3,
,,,136.8000E-3,-52.00000E-3,
,,,137.0000E-3,-52.00000E-3,
,,,137.2000E-3,-48.00000E-3,
,,,137.4000E-3,-44.00000E-3,
,,,137.6000E-3,-44.00000E-3,
,,,137.8000E-3,-40.00000E-3,
,,,138.0000E-3,-44.00000E-3,
,,,138.2000E-3,-40.00000E-3,
,,,138.4000E-3,-36.00000E-3,
,,,138.6000E-3,-36.00000E-3,
,,,138.8000E-3,-36.00000E-3,
,,,139.0000E-3,-32.00000E-3,
,,,139.2000E-3,-32.00000E-3,
,,,139.4000E-3,-28.00000E-3,
,,,139.6000E-3,-28.00000E-3,
,,,139.8000E-3,-28.00000E-3,
,,,140.0000E-3,-28.00000E-3,
,,,140.2000E-3,-24.00000E-3,
,,,140.4000E-3,-24.00000E-3,
,,,140.6000E-3,-24.00000E-3,
,,,140.8000E-3,-24.00000E-3,
,,,141.0000E-3,-20.0000E-3,
,,,141.2000E-3,-20.0000E-3,
,,,141.4000E-3,-20.0000E-3,
,,,141.6000E-3,-20.0000E-3,
,,,141.8000E-3,-20.0000E-3,
,,,142.0000E-3,-16.0000E-3,
,,,142.2000E-3,-16.0000E-3,
,,,142.4000E-3,-12.0000E-3,
,,,142.6000E-3,-12.0000E-3,
,,,142.8000E-3,-12.0000E-3,
,,,143.0000E-3,-12.0000E-3,
,,,143.2000E-3,-8.000000E-3,
,,,143.4000E-3,-4.00000E-3,
,,,143.6000E-3,-8.000000E-3,
,,,143.8000E-3,-4.00000E-3,
,,,144.0000E-3,-4.00000E-3,
,,,144.2000E-3,.,
,,,144.4000E-3,4.00000E-3,
,,,144.6000E-3,4.00000E-3,
,,,144.8000E-3,4.00000E-3,
,,,145.0000E-3,8.000000E-3,
,,,145.2000E-3,12.0000E-3,
,,,145.4000E-3,12.0000E-3,
,,,145.6000E-3,16.0000E-3,
,,,145.8000E-3,20.0000E-3,
,,,146.0000E-3,24.00000E-3,
,,,146.2000E-3,24.00000E-3,
,,,146.4000E-3,32.00000E-3,
,,,146.6000E-3,36.00000E-3,
,,,146.8000E-3,36.00000E-3,
,,,147.0000E-3,44.00000E-3,
,,,147.2000E-3,48.00000E-3,
,,,147.4000E-3,56.000002E-3,
,,,147.6000E-3,60.000002E-3,
,,,147.8000E-3,68.000004E-3,
,,,148.0000E-3,76.000005E-3,
,,,148.2000E-3,80.000006E-3,
,,,148.4000E-3,88.000007E-3,
,,,148.60000E-3,96.000001E-3,
,,,148.80000E-3,104.0000E-3,
,,,149.00000E-3,112.0000E-3,
,,,149.20000E-3,120.0000E-3,
,,,149.40000E-3,128.0000E-3,
,,,149.60000E-3,140.0000E-3,
,,,149.80000E-3,152.00001E-3,
,,,150.00000E-3,156.00000E-3,
,,,150.20000E-3,168.00001E-3,
,,,150.40000E-3,172.00001E-3,
,,,150.60000E-3,184.00002E-3,
,,,150.80000E-3,196.00001E-3,
,,,151.00000E-3,204.00001E-3,
,,,151.20000E-3,212.00001E-3,
,,,151.40000E-3,220.00001E-3,
,,,151.60000E-3,224.00001E-3,
,,,151.80000E-3,236.00002E-3,
,,,152.00000E-3,240.00001E-3,
,,,152.20000E-3,248.00001E-3,
,,,152.40000E-3,256.00001E-3,
,,,152.60000E-3,260.00002E-3,
,,,152.80000E-3,268.00001E-3,
,,,153.00000E-3,268.00001E-3,
,,,153.20000E-3,272.00001E-3,
,,,153.40000E-3,268.00001E-3,
,,,153.60000E-3,272.00001E-3,
,,,153.80000E-3,276.00002E-3,
,,,154.00000E-3,276.00002E-3,
,,,154.20000E-3,276.00002E-3,
,,,154.40000E-3,272.00001E-3,
,,,154.60000E-3,272.00001E-3,
,,,154.80000E-3,268.00001E-3,
,,,155.00000E-3,264.00000E-3,
,,,155.20000E-3,256.00001E-3,
,,,155.40000E-3,252.00000E-3,
,,,155.60000E-3,244.00002E-3,
,,,155.80000E-3,236.00002E-3,
,,,156.00000E-3,228.00002E-3,
,,,156.20000E-3,220.00001E-3,
,,,156.40000E-3,212.00001E-3,
,,,156.60000E-3,204.00001E-3,
,,,156.80000E-3,196.00001E-3,
,,,157.00000E-3,184.00002E-3,
,,,157.20000E-3,176.00001E-3,
,,,157.40000E-3,164.00000E-3,
,,,157.60000E-3,152.00001E-3,
,,,157.80000E-3,144.0000E-3,
,,,158.00000E-3,128.0000E-3,
,,,158.20000E-3,120.0000E-3,
,,,158.40000E-3,108.0000E-3,
,,,158.60000E-3,96.000001E-3,
,,,158.80000E-3,84.000006E-3,
,,,159.00000E-3,72.000004E-3,
,,,159.20000E-3,60.000002E-3,
,,,159.40000E-3,52.00000E-3,
,,,159.60000E-3,40.00000E-3,
,,,159.80000E-3,28.00000E-3,
,,,160.00000E-3,16.0000E-3,
,,,160.20000E-3,8.000000E-3,
,,,160.40000E-3,-4.00000E-3,
,,,160.60000E-3,-16.0000E-3,
,,,160.80000E-3,-24.00000E-3,
,,,161.00000E-3,-32.00000E-3,
,,,161.20000E-3,-44.00000E-3,
,,,161.40000E-3,-52.00000E-3,
,,,161.60000E-3,-64.000003E-3,
,,,161.80000E-3,-72.000004E-3,
,,,162.00000E-3,-84.000006E-3,
,,,162.20000E-3,-92.000008E-3,
,,,162.40000E-3,-100.0000E-3,
,,,162.60000E-3,-108.0000E-3,
,,,162.80000E-3,-120.0000E-3,
,,,163.00000E-3,-128.0000E-3,
,,,163.20000E-3,-140.0000E-3,
,,,163.40000E-3,-152.00001E-3,
,,,163.60000E-3,-160.00001E-3,
,,,163.80000E-3,-168.00001E-3,
,,,164.00000E-3,-180.00001E-3,
,,,164.20000E-3,-188.00001E-3,
,,,164.40000E-3,-196.00001E-3,
,,,164.60000E-3,-204.00001E-3,
,,,164.80000E-3,-212.00001E-3,
,,,165.00000E-3,-216.00001E-3,
,,,165.20000E-3,-224.00001E-3,
,,,165.40000E-3,-228.00002E-3,
,,,165.60000E-3,-232.00001E-3,
,,,165.80000E-3,-236.00002E-3,
,,,166.00000E-3,-240.00001E-3,
,,,166.20000E-3,-240.00001E-3,
,,,166.40000E-3,-240.00001E-3,
,,,166.60000E-3,-244.00002E-3,
,,,166.80000E-3,-240.00001E-3,
,,,167.00000E-3,-240.00001E-3,
,,,167.20000E-3,-240.00001E-3,
,,,167.40000E-3,-240.00001E-3,
,,,167.60000E-3,-236.00002E-3,
,,,167.80000E-3,-232.00001E-3,
,,,168.00000E-3,-228.00002E-3,
,,,168.20000E-3,-228.00002E-3,
,,,168.40000E-3,-220.00001E-3,
,,,168.60000E-3,-212.00001E-3,
,,,168.80000E-3,-212.00001E-3,
,,,169.00000E-3,-204.00001E-3,
,,,169.20000E-3,-196.00001E-3,
,,,169.40000E-3,-192.00000E-3,
,,,169.60000E-3,-184.00002E-3,
,,,169.80000E-3,-180.00001E-3,
,,,170.00000E-3,-172.00001E-3,
,,,170.20000E-3,-164.00000E-3,
,,,170.40000E-3,-156.00000E-3,
,,,170.60000E-3,-152.00001E-3,
,,,170.80000E-3,-148.0000E-3,
,,,171.00000E-3,-136.0000E-3,
,,,171.20000E-3,-132.0000E-3,
,,,171.40000E-3,-124.0000E-3,
,,,171.60000E-3,-120.0000E-3,
,,,171.80000E-3,-112.0000E-3,
,,,172.00000E-3,-108.0000E-3,
,,,172.20000E-3,-100.0000E-3,
,,,172.40000E-3,-96.000001E-3,
,,,172.60000E-3,-88.000007E-3,
,,,172.80000E-3,-84.000006E-3,
,,,173.00000E-3,-80.000006E-3,
,,,173.20000E-3,-76.000005E-3,
,,,173.40000E-3,-72.000004E-3,
,,,173.60000E-3,-64.000003E-3,
,,,173.80000E-3,-60.000002E-3,
,,,174.00000E-3,-56.000002E-3,
,,,174.20000E-3,-56.000002E-3,
,,,174.40000E-3,-52.00000E-3,
,,,174.60000E-3,-48.00000E-3,
,,,174.80000E-3,-44.00000E-3,
,,,175.00000E-3,-40.00000E-3,
,,,175.20000E-3,-36.00000E-3,
,,,175.40000E-3,-32.00000E-3,
,,,175.60000E-3,-32.00000E-3,
,,,175.80000E-3,-28.00000E-3,
,,,176.00000E-3,-24.00000E-3,
,,,176.20000E-3,-24.00000E-3,
,,,176.40000E-3,-20.0000E-3,
,,,176.60000E-3,-16.0000E-3,
,,,176.80000E-3,-12.0000E-3,
,,,177.00000E-3,-12.0000E-3,
,,,177.20000E-3,-12.0000E-3,
,,,177.40000E-3,-8.000000E-3,
,,,177.60000E-3,-4.00000E-3,
,,,177.80000E-3,-4.00000E-3,
,,,178.00000E-3,-4.00000E-3,
,,,178.20000E-3,.,
,,,178.40000E-3,4.00000E-3,
,,,178.60000E-3,8.000000E-3,
,,,178.80000E-3,8.000000E-3,
,,,179.00000E-3,12.0000E-3,
,,,179.20000E-3,12.0000E-3,
,,,179.40000E-3,16.0000E-3,
,,,179.60000E-3,20.0000E-3,
,,,179.80000E-3,24.00000E-3,
,,,180.00000E-3,28.00000E-3,
,,,180.20000E-3,32.00000E-3,
,,,180.40000E-3,36.00000E-3,
,,,180.60000E-3,40.00000E-3,
,,,180.80000E-3,44.00000E-3,
,,,181.00000E-3,48.00000E-3,
,,,181.20000E-3,52.00000E-3,
,,,181.40000E-3,60.000002E-3,
,,,181.60000E-3,64.000003E-3,
,,,181.80000E-3,72.000004E-3,
,,,182.00000E-3,80.000006E-3,
,,,182.20000E-3,88.000007E-3,
,,,182.40000E-3,96.000001E-3,
,,,182.60000E-3,104.0000E-3,
,,,182.80000E-3,116.0000E-3,
,,,183.00000E-3,124.0000E-3,
,,,183.20000E-3,132.0000E-3,
,,,183.40000E-3,144.0000E-3,
,,,183.60000E-3,152.00001E-3,
,,,183.80000E-3,164.00000E-3,
,,,184.00000E-3,172.00001E-3,
,,,184.20000E-3,188.00001E-3,
,,,184.40000E-3,196.00001E-3,
,,,184.60000E-3,204.00001E-3,
,,,184.80000E-3,216.00001E-3,
,,,185.00000E-3,224.00001E-3,
,,,185.20000E-3,236.00002E-3,
,,,185.40000E-3,244.00002E-3,
,,,185.60000E-3,256.00001E-3,
,,,185.80000E-3,260.00002E-3,
,,,186.00000E-3,268.00001E-3,
,,,186.20000E-3,276.00002E-3,
,,,186.40000E-3,280.00000E-3,
,,,186.60000E-3,288.00002E-3,
,,,186.80000E-3,288.00002E-3,
,,,187.00000E-3,292.00003E-3,
,,,187.20000E-3,296.00000E-3,
,,,187.40000E-3,296.00000E-3,
,,,187.60000E-3,296.00000E-3,
,,,187.80000E-3,292.00003E-3,
,,,188.00000E-3,292.00003E-3,
,,,188.20000E-3,288.00002E-3,
,,,188.40000E-3,284.00001E-3,
,,,188.60000E-3,280.00000E-3,
,,,188.80000E-3,272.00001E-3,
,,,189.00000E-3,264.00000E-3,
,,,189.20000E-3,256.00001E-3,
,,,189.40000E-3,244.00002E-3,
,,,189.60000E-3,236.00002E-3,
,,,189.80000E-3,220.00001E-3,
,,,190.00000E-3,212.00001E-3,
,,,190.20000E-3,204.00001E-3,
,,,190.40000E-3,188.00001E-3,
,,,190.60000E-3,176.00001E-3,
,,,190.80000E-3,164.00000E-3,
,,,191.00000E-3,152.00001E-3,
,,,191.20000E-3,136.0000E-3,
,,,191.40000E-3,120.0000E-3,
,,,191.60000E-3,108.0000E-3,
,,,191.80000E-3,92.000008E-3,
,,,192.00000E-3,80.000006E-3,
,,,192.19999E-3,64.000003E-3,
,,,192.39999E-3,48.00000E-3,
,,,192.59999E-3,36.00000E-3,
,,,192.79999E-3,20.0000E-3,
,,,192.99999E-3,8.000000E-3,
,,,193.19999E-3,-8.000000E-3,
,,,193.39999E-3,-24.00000E-3,
,,,193.59999E-3,-36.00000E-3,
,,,193.79999E-3,-48.00000E-3,
,,,193.99999E-3,-68.000004E-3,
,,,194.19999E-3,-80.000006E-3,
,,,194.39999E-3,-96.000001E-3,
,,,194.59999E-3,-112.0000E-3,
,,,194.79999E-3,-128.0000E-3,
,,,194.99999E-3,-144.0000E-3,
,,,195.19999E-3,-156.00000E-3,
,,,195.39999E-3,-172.00001E-3,
,,,195.59999E-3,-188.00001E-3,
,,,195.79999E-3,-204.00001E-3,
,,,195.99999E-3,-216.00001E-3,
,,,196.19999E-3,-228.00002E-3,
,,,196.39999E-3,-240.00001E-3,
,,,196.59999E-3,-252.00000E-3,
,,,196.79999E-3,-264.00000E-3,
,,,196.99999E-3,-272.00001E-3,
,,,197.19999E-3,-280.00000E-3,
,,,197.39999E-3,-284.00001E-3,
,,,197.59999E-3,-288.00002E-3,
,,,197.79999E-3,-296.00000E-3,
,,,197.99999E-3,-296.00000E-3,
,,,198.19999E-3,-296.00000E-3,
,,,198.39999E-3,-296.00000E-3,
,,,198.59999E-3,-296.00000E-3,
,,,198.79999E-3,-296.00000E-3,
,,,198.99999E-3,-288.00002E-3,
,,,199.19999E-3,-284.00001E-3,
,,,199.39999E-3,-276.00002E-3,
,,,199.59999E-3,-272.00001E-3,
,,,199.79999E-3,-264.00000E-3,
,,,199.99999E-3,-256.00001E-3,
,,,200.19999E-3,-244.00002E-3,
,,,200.39999E-3,-236.00002E-3,
,,,200.59999E-3,-228.00002E-3,
,,,200.79999E-3,-216.00001E-3,
,,,200.99999E-3,-208.00000E-3,
,,,201.19999E-3,-200.00000E-3,
,,,201.39999E-3,-188.00001E-3,
,,,201.59999E-3,-180.00001E-3,
,,,201.79999E-3,-172.00001E-3,
,,,201.99999E-3,-160.00001E-3,
,,,202.19999E-3,-152.00001E-3,
,,,202.39999E-3,-140.0000E-3,
,,,202.59999E-3,-136.0000E-3,
,,,202.79999E-3,-124.0000E-3,
,,,202.99999E-3,-116.0000E-3,
,,,203.19999E-3,-112.0000E-3,
,,,203.39999E-3,-104.0000E-3,
,,,203.59999E-3,-96.000001E-3,
,,,203.79999E-3,-88.000007E-3,
,,,203.99999E-3,-84.000006E-3,
,,,204.19999E-3,-80.000006E-3,
,,,204.39999E-3,-72.000004E-3,
,,,204.59999E-3,-68.000004E-3,
,,,204.79999E-3,-64.000003E-3,
,,,204.99999E-3,-56.000002E-3,
,,,205.19999E-3,-52.00000E-3,
,,,205.39999E-3,-48.00000E-3,
,,,205.59999E-3,-48.00000E-3,
,,,205.79999E-3,-44.00000E-3,
,,,205.99999E-3,-40.00000E-3,
,,,206.19999E-3,-40.00000E-3,
,,,206.39999E-3,-32.00000E-3,
,,,206.59999E-3,-32.00000E-3,
,,,206.79999E-3,-28.00000E-3,
,,,206.99999E-3,-28.00000E-3,
,,,207.19999E-3,-24.00000E-3,
,,,207.39999E-3,-20.0000E-3,
,,,207.59999E-3,-16.0000E-3,
,,,207.79999E-3,-12.0000E-3,
,,,207.99999E-3,-12.0000E-3,
,,,208.19999E-3,-8.000000E-3,
,,,208.39999E-3,-8.000000E-3,
,,,208.59999E-3,-4.00000E-3,
,,,208.79999E-3,-4.00000E-3,
,,,208.99999E-3,4.00000E-3,
,,,209.19999E-3,4.00000E-3,
,,,209.39999E-3,12.0000E-3,
,,,209.59999E-3,16.0000E-3,
,,,209.79999E-3,20.0000E-3,
,,,209.99999E-3,24.00000E-3,
,,,210.19999E-3,28.00000E-3,
,,,210.39999E-3,32.00000E-3,
,,,210.59999E-3,36.00000E-3,
,,,210.79999E-3,44.00000E-3,
,,,210.99999E-3,52.00000E-3,
,,,211.19999E-3,60.000002E-3,
,,,211.39999E-3,68.000004E-3,
,,,211.59999E-3,76.000005E-3,
,,,211.79999E-3,88.000007E-3,
,,,211.99999E-3,100.0000E-3,
,,,212.19999E-3,112.0000E-3,
,,,212.39999E-3,124.0000E-3,
,,,212.59999E-3,136.0000E-3,
,,,212.79999E-3,148.0000E-3,
,,,212.99999E-3,164.00000E-3,
,,,213.19999E-3,176.00001E-3,
,,,213.39999E-3,192.00000E-3,
,,,213.59999E-3,208.00000E-3,
,,,213.79999E-3,224.00001E-3,
,,,213.99999E-3,236.00002E-3,
,,,214.19999E-3,252.00000E-3,
,,,214.39999E-3,268.00001E-3,
,,,214.59999E-3,280.00000E-3,
,,,214.79999E-3,292.00003E-3,
,,,214.99999E-3,304.00002E-3,
,,,215.19999E-3,316.00001E-3,
,,,215.39999E-3,324.00000E-3,
,,,215.59999E-3,332.00002E-3,
,,,215.79999E-3,340.00000E-3,
,,,215.99999E-3,344.00001E-3,
,,,216.19999E-3,348.00002E-3,
,,,216.39999E-3,348.00002E-3,
,,,216.59999E-3,344.00001E-3,
,,,216.79999E-3,344.00001E-3,
,,,216.99999E-3,336.00003E-3,
,,,217.19999E-3,336.00003E-3,
,,,217.39999E-3,324.00000E-3,
,,,217.59999E-3,320.00002E-3,
,,,217.79999E-3,308.00003E-3,
,,,217.99999E-3,296.00000E-3,
,,,218.19999E-3,284.00001E-3,
,,,218.39999E-3,268.00001E-3,
,,,218.59999E-3,252.00000E-3,
,,,218.79999E-3,236.00002E-3,
,,,218.99999E-3,216.00001E-3,
,,,219.19999E-3,204.00001E-3,
,,,219.39999E-3,184.00002E-3,
,,,219.59999E-3,168.00001E-3,
,,,219.79999E-3,148.0000E-3,
,,,219.99999E-3,128.0000E-3,
,,,220.19999E-3,108.0000E-3,
,,,220.39999E-3,88.000007E-3,
,,,220.59999E-3,68.000004E-3,
,,,220.79999E-3,48.00000E-3,
,,,220.99999E-3,32.00000E-3,
,,,221.19999E-3,12.0000E-3,
,,,221.39999E-3,-8.000000E-3,
,,,221.59999E-3,-24.00000E-3,
,,,221.79999E-3,-40.00000E-3,
,,,221.99999E-3,-60.000002E-3,
,,,222.19999E-3,-84.000006E-3,
,,,222.39999E-3,-100.0000E-3,
,,,222.59999E-3,-120.0000E-3,
,,,222.79999E-3,-140.0000E-3,
,,,222.99999E-3,-164.00000E-3,
,,,223.19999E-3,-180.00001E-3,
,,,223.39999E-3,-204.00001E-3,
,,,223.59999E-3,-220.00001E-3,
,,,223.79999E-3,-240.00001E-3,
,,,223.99999E-3,-256.00001E-3,
,,,224.19999E-3,-272.00001E-3,
,,,224.39999E-3,-288.00002E-3,
,,,224.59999E-3,-296.00000E-3,
,,,224.79999E-3,-308.00003E-3,
,,,224.99999E-3,-316.00001E-3,
,,,225.19999E-3,-324.00000E-3,
,,,225.39999E-3,-332.00002E-3,
,,,225.59999E-3,-332.00002E-3,
,,,225.79999E-3,-332.00002E-3,
,,,225.99999E-3,-332.00002E-3,
,,,226.19999E-3,-328.00001E-3,
,,,226.39999E-3,-324.00000E-3,
,,,226.59999E-3,-316.00001E-3,
,,,226.79999E-3,-312.00001E-3,
,,,226.99999E-3,-300.00001E-3,
,,,227.19999E-3,-288.00002E-3,
,,,227.39999E-3,-276.00002E-3,
,,,227.59999E-3,-268.00001E-3,
,,,227.79999E-3,-256.00001E-3,
,,,227.99999E-3,-244.00002E-3,
,,,228.19999E-3,-228.00002E-3,
,,,228.39999E-3,-220.00001E-3,
,,,228.59999E-3,-204.00001E-3,
,,,228.79999E-3,-188.00001E-3,
,,,228.99999E-3,-180.00001E-3,
,,,229.19999E-3,-168.00001E-3,
,,,229.39999E-3,-156.00000E-3,
,,,229.59999E-3,-144.0000E-3,
,,,229.79999E-3,-132.0000E-3,
,,,229.99999E-3,-124.0000E-3,
,,,230.19999E-3,-116.0000E-3,
,,,230.39999E-3,-104.0000E-3,
,,,230.59999E-3,-96.000001E-3,
,,,230.79999E-3,-92.000008E-3,
,,,230.99999E-3,-84.000006E-3,
,,,231.19999E-3,-72.000004E-3,
,,,231.39999E-3,-68.000004E-3,
,,,231.59999E-3,-64.000003E-3,
,,,231.79999E-3,-56.000002E-3,
,,,231.99999E-3,-52.00000E-3,
,,,232.19999E-3,-48.00000E-3,
,,,232.39999E-3,-44.00000E-3,
,,,232.59999E-3,-40.00000E-3,
,,,232.79999E-3,-40.00000E-3,
,,,232.99999E-3,-32.00000E-3,
,,,233.19999E-3,-32.00000E-3,
,,,233.39999E-3,-28.00000E-3,
,,,233.59999E-3,-24.00000E-3,
,,,233.79999E-3,-20.0000E-3,
,,,233.99999E-3,-20.0000E-3,
,,,234.19999E-3,-16.0000E-3,
,,,234.39999E-3,-16.0000E-3,
,,,234.59999E-3,-12.0000E-3,
,,,234.79999E-3,-8.000000E-3,
,,,234.99999E-3,-8.000000E-3,
,,,235.19999E-3,-4.00000E-3,
,,,235.39999E-3,.,
,,,235.59999E-3,4.00000E-3,
,,,235.79999E-3,8.000000E-3,
,,,235.99999E-3,8.000000E-3,
,,,236.19999E-3,16.0000E-3,
,,,236.39999E-3,20.0000E-3,
,,,236.59999E-3,28.00000E-3,
,,,236.79999E-3,32.00000E-3,
,,,236.99999E-3,36.00000E-3,
,,,237.19999E-3,44.00000E-3,
,,,237.39999E-3,48.00000E-3,
,,,237.59999E-3,52.00000E-3,
,,,237.79999E-3,64.000003E-3,
,,,237.99999E-3,72.000004E-3,
,,,238.19999E-3,80.000006E-3,
,,,238.39999E-3,96.000001E-3,
,,,238.59999E-3,108.0000E-3,
,,,238.79999E-3,124.0000E-3,
,,,238.99999E-3,140.0000E-3,
,,,239.19999E-3,156.00000E-3,
,,,239.39999E-3,172.00001E-3,
,,,239.59999E-3,192.00000E-3,
,,,239.79999E-3,212.00001E-3,
,,,239.99999E-3,228.00002E-3,
,,,240.19999E-3,252.00000E-3,
,,,240.39999E-3,268.00001E-3,
,,,240.59999E-3,288.00002E-3,
,,,240.79999E-3,304.00002E-3,
,,,240.99999E-3,320.00002E-3,
,,,241.19999E-3,328.00001E-3,
,,,241.39999E-3,344.00001E-3,
,,,241.59999E-3,352.00003E-3,
,,,241.79999E-3,360.00001E-3,
,,,241.99999E-3,364.00002E-3,
,,,242.19999E-3,364.00002E-3,
,,,242.39999E-3,360.00001E-3,
,,,242.59999E-3,360.00001E-3,
,,,242.79999E-3,352.00003E-3,
,,,242.99999E-3,340.00000E-3,
,,,243.19999E-3,332.00002E-3,
,,,243.39999E-3,320.00002E-3,
,,,243.59999E-3,308.00003E-3,
,,,243.79999E-3,288.00002E-3,
,,,243.99999E-3,272.00001E-3,
,,,244.19999E-3,256.00001E-3,
,,,244.39999E-3,236.00002E-3,
,,,244.59999E-3,220.00001E-3,
,,,244.79999E-3,196.00001E-3,
,,,244.99999E-3,180.00001E-3,
,,,245.19999E-3,156.00000E-3,
,,,245.39999E-3,132.0000E-3,
,,,245.59999E-3,112.0000E-3,
,,,245.79999E-3,88.000007E-3,
,,,245.99999E-3,68.000004E-3,
,,,246.19999E-3,44.00000E-3,
,,,246.39999E-3,24.00000E-3,
,,,246.59999E-3,4.00000E-3,
,,,246.79999E-3,-20.0000E-3,
,,,246.99999E-3,-36.00000E-3,
,,,247.19999E-3,-56.000002E-3,
,,,247.39999E-3,-80.000006E-3,
,,,247.59999E-3,-96.000001E-3,
,,,247.79999E-3,-112.0000E-3,
,,,247.99999E-3,-136.0000E-3,
,,,248.19999E-3,-156.00000E-3,
,,,248.39999E-3,-176.00001E-3,
,,,248.59999E-3,-196.00001E-3,
,,,248.79999E-3,-220.00001E-3,
,,,248.99999E-3,-236.00002E-3,
,,,249.19999E-3,-252.00000E-3,
,,,249.39999E-3,-272.00001E-3,
,,,249.59999E-3,-288.00002E-3,
,,,249.79999E-3,-300.00001E-3,
,,,249.99999E-3,-308.00003E-3,
,,,250.19999E-3,-312.00001E-3,
,,,250.39999E-3,-316.00001E-3,
,,,250.59999E-3,-320.00002E-3,
,,,250.79999E-3,-320.00002E-3,
,,,250.99999E-3,-320.00002E-3,
,,,251.19999E-3,-312.00001E-3,
,,,251.39999E-3,-304.00002E-3,
,,,251.59999E-3,-300.00001E-3,
,,,251.79999E-3,-288.00002E-3,
,,,251.99999E-3,-280.00000E-3,
,,,252.19999E-3,-268.00001E-3,
,,,252.39999E-3,-256.00001E-3,
,,,252.59999E-3,-244.00002E-3,
,,,252.79999E-3,-232.00001E-3,
,,,252.99999E-3,-216.00001E-3,
,,,253.19999E-3,-200.00000E-3,
,,,253.39999E-3,-188.00001E-3,
,,,253.59999E-3,-172.00001E-3,
,,,253.79999E-3,-160.00001E-3,
,,,253.99999E-3,-148.0000E-3,
,,,254.19999E-3,-136.0000E-3,
,,,254.39999E-3,-128.0000E-3,
,,,254.59999E-3,-120.0000E-3,
,,,254.79999E-3,-112.0000E-3,
,,,254.99999E-3,-104.0000E-3,
,,,255.19999E-3,-96.000001E-3,
,,,255.39999E-3,-88.000007E-3,
,,,255.59999E-3,-84.000006E-3,
,,,255.79999E-3,-76.000005E-3,
,,,255.99999E-3,-72.000004E-3,
,,,256.19999E-3,-64.000003E-3,
,,,256.39999E-3,-60.000002E-3,
,,,256.59999E-3,-56.000002E-3,
,,,256.79999E-3,-56.000002E-3,
,,,256.99999E-3,-52.00000E-3,
,,,257.19999E-3,-48.00000E-3,
,,,257.39999E-3,-44.00000E-3,
,,,257.59999E-3,-44.00000E-3,
,,,257.79999E-3,-44.00000E-3,
,,,257.99999E-3,-44.00000E-3,
,,,258.19999E-3,-40.00000E-3,
,,,258.39999E-3,-36.00000E-3,
,,,258.59999E-3,-40.00000E-3,
,,,258.79999E-3,-36.00000E-3,
,,,258.99999E-3,-32.00000E-3,
,,,259.19999E-3,-28.00000E-3,
,,,259.39999E-3,-24.00000E-3,
,,,259.59999E-3,-20.0000E-3,
,,,259.79999E-3,-16.0000E-3,
,,,259.99999E-3,-12.0000E-3,
,,,260.19999E-3,-4.00000E-3,
,,,260.39999E-3,.,
,,,260.59999E-3,8.000000E-3,
,,,260.79999E-3,12.0000E-3,
,,,260.99999E-3,20.0000E-3,
,,,261.19999E-3,28.00000E-3,
,,,261.39999E-3,32.00000E-3,
,,,261.59999E-3,40.00000E-3,
,,,261.79999E-3,52.00000E-3,
,,,261.99999E-3,64.000003E-3,
,,,262.19999E-3,80.000006E-3,
,,,262.39999E-3,96.000001E-3,
,,,262.59999E-3,112.0000E-3,
,,,262.79999E-3,132.0000E-3,
,,,262.99999E-3,152.00001E-3,
,,,263.19999E-3,172.00001E-3,
,,,263.39999E-3,188.00001E-3,
,,,263.59999E-3,212.00001E-3,
,,,263.79999E-3,232.00001E-3,
,,,263.99999E-3,252.00000E-3,
,,,264.19999E-3,272.00001E-3,
,,,264.39999E-3,292.00003E-3,
,,,264.59999E-3,304.00002E-3,
,,,264.79999E-3,320.00002E-3,
,,,264.99999E-3,328.00001E-3,
,,,265.19999E-3,336.00003E-3,
,,,265.39999E-3,340.00000E-3,
,,,265.59999E-3,340.00000E-3,
,,,265.79999E-3,340.00000E-3,
,,,265.99999E-3,336.00003E-3,
,,,266.19999E-3,328.00001E-3,
,,,266.39999E-3,320.00002E-3,
,,,266.59999E-3,304.00002E-3,
,,,266.79999E-3,292.00003E-3,
,,,266.99999E-3,276.00002E-3,
,,,267.19999E-3,260.00002E-3,
,,,267.39999E-3,236.00002E-3,
,,,267.59999E-3,220.00001E-3,
,,,267.79999E-3,200.00000E-3,
,,,267.99999E-3,180.00001E-3,
,,,268.19999E-3,156.00000E-3,
,,,268.39999E-3,132.0000E-3,
,,,268.59999E-3,112.0000E-3,
,,,268.79999E-3,88.000007E-3,
,,,268.99999E-3,68.000004E-3,
,,,269.19999E-3,48.00000E-3,
,,,269.39999E-3,28.00000E-3,
,,,269.59999E-3,12.0000E-3,
,,,269.79999E-3,-4.00000E-3,
,,,269.99999E-3,-16.0000E-3,
,,,270.19999E-3,-32.00000E-3,
,,,270.39999E-3,-44.00000E-3,
,,,270.59999E-3,-64.000003E-3,
,,,270.79999E-3,-76.000005E-3,
,,,270.99999E-3,-92.000008E-3,
,,,271.19999E-3,-108.0000E-3,
,,,271.39999E-3,-128.0000E-3,
,,,271.59999E-3,-140.0000E-3,
,,,271.79999E-3,-164.00000E-3,
,,,271.99999E-3,-180.00001E-3,
,,,272.19999E-3,-188.00001E-3,
,,,272.39999E-3,-208.00000E-3,
,,,272.59999E-3,-216.00001E-3,
,,,272.79999E-3,-228.00002E-3,
,,,272.99999E-3,-236.00002E-3,
,,,273.19999E-3,-240.00001E-3,
,,,273.39999E-3,-244.00002E-3,
,,,273.59999E-3,-248.00001E-3,
,,,273.79999E-3,-244.00002E-3,
,,,273.99999E-3,-244.00002E-3,
,,,274.19999E-3,-240.00001E-3,
,,,274.39999E-3,-236.00002E-3,
,,,274.59999E-3,-232.00001E-3,
,,,274.79999E-3,-224.00001E-3,
,,,274.99999E-3,-216.00001E-3,
,,,275.19999E-3,-208.00000E-3,
,,,275.39999E-3,-200.00000E-3,
,,,275.59999E-3,-188.00001E-3,
,,,275.79999E-3,-180.00001E-3,
,,,275.99999E-3,-168.00001E-3,
,,,276.19999E-3,-156.00000E-3,
,,,276.39999E-3,-148.0000E-3,
,,,276.59999E-3,-140.0000E-3,
,,,276.79999E-3,-132.0000E-3,
,,,276.99999E-3,-120.0000E-3,
,,,277.19999E-3,-116.0000E-3,
,,,277.39999E-3,-108.0000E-3,
,,,277.59999E-3,-100.0000E-3,
,,,277.79999E-3,-96.000001E-3,
,,,277.99999E-3,-88.000007E-3,
,,,278.19999E-3,-84.000006E-3,
,,,278.39999E-3,-80.000006E-3,
,,,278.59999E-3,-72.000004E-3,
,,,278.79999E-3,-64.000003E-3,
,,,278.99999E-3,-64.000003E-3,
,,,279.19999E-3,-60.000002E-3,
,,,279.39999E-3,-56.000002E-3,
,,,279.59999E-3,-56.000002E-3,
,,,279.79999E-3,-52.00000E-3,
,,,279.99999E-3,-48.00000E-3,
,,,280.19999E-3,-44.00000E-3,
,,,280.39999E-3,-40.00000E-3,
,,,280.59999E-3,-40.00000E-3,
,,,280.79999E-3,-32.00000E-3,
,,,280.99999E-3,-32.00000E-3,
,,,281.19999E-3,-28.00000E-3,
,,,281.39999E-3,-24.00000E-3,
,,,281.59999E-3,-20.0000E-3,
,,,281.79999E-3,-12.0000E-3,
,,,281.99999E-3,-8.000000E-3,
,,,282.19999E-3,.,
,,,282.39999E-3,8.000000E-3,
,,,282.59999E-3,16.0000E-3,
,,,282.79999E-3,24.00000E-3,
,,,282.99999E-3,36.00000E-3,
,,,283.19999E-3,44.00000E-3,
,,,283.39999E-3,56.000002E-3,
,,,283.59999E-3,68.000004E-3,
,,,283.79999E-3,84.000006E-3,
,,,283.99999E-3,100.0000E-3,
,,,284.19999E-3,116.0000E-3,
,,,284.39999E-3,136.0000E-3,
,,,284.59999E-3,156.00000E-3,
,,,284.79999E-3,176.00001E-3,
,,,284.99999E-3,196.00001E-3,
,,,285.19999E-3,216.00001E-3,
,,,285.39999E-3,236.00002E-3,
,,,285.59999E-3,256.00001E-3,
,,,285.79999E-3,272.00001E-3,
,,,285.99999E-3,288.00002E-3,
,,,286.19999E-3,304.00002E-3,
,,,286.39999E-3,316.00001E-3,
,,,286.59999E-3,324.00000E-3,
,,,286.79999E-3,328.00001E-3,
,,,286.99999E-3,336.00003E-3,
,,,287.19999E-3,336.00003E-3,
,,,287.39999E-3,332.00002E-3,
,,,287.59999E-3,328.00001E-3,
,,,287.79999E-3,320.00002E-3,
,,,287.99999E-3,312.00001E-3,
,,,288.19999E-3,300.00001E-3,
,,,288.39999E-3,284.00001E-3,
,,,288.59999E-3,268.00001E-3,
,,,288.79999E-3,252.00000E-3,
,,,288.99999E-3,228.00002E-3,
,,,289.19999E-3,212.00001E-3,
,,,289.39999E-3,188.00001E-3,
,,,289.59999E-3,168.00001E-3,
,,,289.79999E-3,144.0000E-3,
,,,289.99999E-3,124.0000E-3,
,,,290.19999E-3,104.0000E-3,
,,,290.39999E-3,80.000006E-3,
,,,290.59999E-3,60.000002E-3,
,,,290.79999E-3,40.00000E-3,
,,,290.99999E-3,20.0000E-3,
,,,291.19999E-3,.,
,,,291.39999E-3,-20.0000E-3,
,,,291.59999E-3,-44.00000E-3,
,,,291.79999E-3,-64.000003E-3,
,,,291.99999E-3,-80.000006E-3,
,,,292.19999E-3,-104.0000E-3,
,,,292.39999E-3,-124.0000E-3,
,,,292.59999E-3,-140.0000E-3,
,,,292.79999E-3,-160.00001E-3,
,,,292.99999E-3,-176.00001E-3,
,,,293.19999E-3,-192.00000E-3,
,,,293.39999E-3,-208.00000E-3,
,,,293.59999E-3,-220.00001E-3,
,,,293.79999E-3,-228.00002E-3,
,,,293.99999E-3,-236.00002E-3,
,,,294.19999E-3,-244.00002E-3,
,,,294.39999E-3,-244.00002E-3,
,,,294.59999E-3,-248.00001E-3,
,,,294.79999E-3,-252.00000E-3,
,,,294.99999E-3,-248.00001E-3,
,,,295.19999E-3,-248.00001E-3,
,,,295.39999E-3,-244.00002E-3,
,,,295.59999E-3,-244.00002E-3,
,,,295.79999E-3,-236.00002E-3,
,,,295.99999E-3,-228.00002E-3,
,,,296.19999E-3,-220.00001E-3,
,,,296.39999E-3,-208.00000E-3,
,,,296.59999E-3,-204.00001E-3,
,,,296.79999E-3,-196.00001E-3,
,,,296.99999E-3,-184.00002E-3,
,,,297.19999E-3,-176.00001E-3,
,,,297.39999E-3,-168.00001E-3,
,,,297.59999E-3,-156.00000E-3,
,,,297.79999E-3,-148.0000E-3,
,,,297.99999E-3,-136.0000E-3,
,,,298.19999E-3,-132.0000E-3,
,,,298.39999E-3,-124.0000E-3,
,,,298.59999E-3,-116.0000E-3,
,,,298.79999E-3,-108.0000E-3,
,,,298.99999E-3,-104.0000E-3,
,,,299.19999E-3,-96.000001E-3,
,,,299.39999E-3,-88.000007E-3,
,,,299.59999E-3,-84.000006E-3,
,,,299.79999E-3,-80.000006E-3,
,,,299.99999E-3,-76.000005E-3,
,,,300.19999E-3,-72.000004E-3,
,,,300.39999E-3,-64.000003E-3,
,,,300.59999E-3,-64.000003E-3,
,,,300.79999E-3,-60.000002E-3,
,,,300.99999E-3,-56.000002E-3,
,,,301.19999E-3,-52.00000E-3,
,,,301.39999E-3,-48.00000E-3,
,,,301.59999E-3,-44.00000E-3,
,,,301.79999E-3,-40.00000E-3,
,,,301.99999E-3,-40.00000E-3,
,,,302.19999E-3,-28.00000E-3,
,,,302.39999E-3,-28.00000E-3,
,,,302.59999E-3,-20.0000E-3,
,,,302.79999E-3,-16.0000E-3,
,,,302.99999E-3,-12.0000E-3,
,,,303.19999E-3,-4.00000E-3,
,,,303.39999E-3,.,
,,,303.59999E-3,8.000000E-3,
,,,303.79999E-3,12.0000E-3,
,,,303.99999E-3,20.0000E-3,
,,,304.19999E-3,28.00000E-3,
,,,304.39999E-3,36.00000E-3,
,,,304.59999E-3,44.00000E-3,
,,,304.79999E-3,56.000002E-3,
,,,304.99999E-3,68.000004E-3,
,,,305.19999E-3,80.000006E-3,
,,,305.39999E-3,92.000008E-3,
,,,305.59999E-3,104.0000E-3,
,,,305.79999E-3,120.0000E-3,
,,,305.99999E-3,136.0000E-3,
,,,306.19999E-3,148.0000E-3,
,,,306.39999E-3,164.00000E-3,
,,,306.59999E-3,176.00001E-3,
,,,306.79999E-3,188.00001E-3,
,,,306.99999E-3,196.00001E-3,
,,,307.19999E-3,204.00001E-3,
,,,307.39999E-3,216.00001E-3,
,,,307.59999E-3,220.00001E-3,
,,,307.79999E-3,220.00001E-3,
,,,307.99999E-3,220.00001E-3,
,,,308.19999E-3,220.00001E-3,
,,,308.39999E-3,216.00001E-3,
,,,308.59999E-3,212.00001E-3,
,,,308.79999E-3,204.00001E-3,
,,,308.99999E-3,192.00000E-3,
,,,309.19999E-3,180.00001E-3,
,,,309.39999E-3,168.00001E-3,
,,,309.59999E-3,152.00001E-3,
,,,309.79999E-3,136.0000E-3,
,,,309.99999E-3,120.0000E-3,
,,,310.19999E-3,100.0000E-3,
,,,310.39999E-3,84.000006E-3,
,,,310.59999E-3,64.000003E-3,
,,,310.79999E-3,48.00000E-3,
,,,310.99999E-3,32.00000E-3,
,,,311.19999E-3,16.0000E-3,
,,,311.39999E-3,8.000000E-3,
,,,311.59999E-3,-8.000000E-3,
,,,311.79999E-3,-20.0000E-3,
,,,311.99999E-3,-32.00000E-3,
,,,312.19999E-3,-40.00000E-3,
,,,312.39999E-3,-52.00000E-3,
,,,312.59999E-3,-64.000003E-3,
,,,312.79999E-3,-76.000005E-3,
,,,312.99999E-3,-88.000007E-3,
,,,313.19999E-3,-96.000001E-3,
,,,313.39999E-3,-108.0000E-3,
,,,313.59999E-3,-120.0000E-3,
,,,313.79999E-3,-128.0000E-3,
,,,313.99999E-3,-132.0000E-3,
,,,314.19999E-3,-140.0000E-3,
,,,314.39999E-3,-144.0000E-3,
,,,314.59999E-3,-152.00001E-3,
,,,314.79999E-3,-156.00000E-3,
,,,314.99999E-3,-156.00000E-3,
,,,315.19999E-3,-156.00000E-3,
,,,315.39999E-3,-156.00000E-3,
,,,315.59999E-3,-156.00000E-3,
,,,315.79999E-3,-152.00001E-3,
,,,315.99999E-3,-148.0000E-3,
,,,316.19999E-3,-148.0000E-3,
,,,316.39999E-3,-144.0000E-3,
,,,316.59999E-3,-136.0000E-3,
,,,316.79999E-3,-132.0000E-3,
,,,316.99999E-3,-128.0000E-3,
,,,317.19999E-3,-120.0000E-3,
,,,317.39999E-3,-120.0000E-3,
,,,317.59999E-3,-112.0000E-3,
,,,317.79999E-3,-104.0000E-3,
,,,317.99999E-3,-100.0000E-3,
,,,318.19999E-3,-96.000001E-3,
,,,318.39999E-3,-92.000008E-3,
,,,318.59999E-3,-88.000007E-3,
,,,318.79999E-3,-84.000006E-3,
,,,318.99999E-3,-76.000005E-3,
,,,319.19999E-3,-76.000005E-3,
,,,319.39999E-3,-72.000004E-3,
,,,319.59999E-3,-68.000004E-3,
,,,319.79999E-3,-64.000003E-3,
,,,319.99999E-3,-60.000002E-3,
,,,320.19999E-3,-60.000002E-3,
,,,320.39999E-3,-56.000002E-3,
,,,320.59999E-3,-52.00000E-3,
,,,320.79999E-3,-48.00000E-3,
,,,320.99999E-3,-44.00000E-3,
,,,321.19999E-3,-40.00000E-3,
,,,321.39999E-3,-36.00000E-3,
,,,321.59999E-3,-28.00000E-3,
,,,321.79999E-3,-24.00000E-3,
,,,321.99999E-3,-20.0000E-3,
,,,322.19999E-3,-12.0000E-3,
,,,322.39999E-3,.,
,,,322.59999E-3,8.000000E-3,
,,,322.79999E-3,12.0000E-3,
,,,322.99999E-3,24.00000E-3,
,,,323.19999E-3,36.00000E-3,
,,,323.39999E-3,48.00000E-3,
,,,323.59999E-3,60.000002E-3,
,,,323.79999E-3,76.000005E-3,
,,,323.99999E-3,92.000008E-3,
,,,324.19999E-3,108.0000E-3,
,,,324.39999E-3,124.0000E-3,
,,,324.59999E-3,144.0000E-3,
,,,324.79999E-3,164.00000E-3,
,,,324.99999E-3,180.00001E-3,
,,,325.19999E-3,196.00001E-3,
,,,325.39999E-3,212.00001E-3,
,,,325.59999E-3,228.00002E-3,
,,,325.79999E-3,244.00002E-3,
,,,325.99999E-3,260.00002E-3,
,,,326.19999E-3,268.00001E-3,
,,,326.39999E-3,272.00001E-3,
,,,326.59999E-3,276.00002E-3,
,,,326.79999E-3,276.00002E-3,
,,,326.99999E-3,276.00002E-3,
,,,327.19999E-3,272.00001E-3,
,,,327.39999E-3,264.00000E-3,
,,,327.59999E-3,256.00001E-3,
,,,327.79999E-3,240.00001E-3,
,,,327.99999E-3,228.00002E-3,
,,,328.19999E-3,212.00001E-3,
,,,328.39999E-3,192.00000E-3,
,,,328.59999E-3,176.00001E-3,
,,,328.79999E-3,152.00001E-3,
,,,328.99999E-3,132.0000E-3,
,,,329.19999E-3,112.0000E-3,
,,,329.39999E-3,88.000007E-3,
,,,329.59999E-3,64.000003E-3,
,,,329.79999E-3,44.00000E-3,
,,,329.99999E-3,24.00000E-3,
,,,330.19999E-3,4.00000E-3,
,,,330.39999E-3,-16.0000E-3,
,,,330.59999E-3,-36.00000E-3,
,,,330.79999E-3,-56.000002E-3,
,,,330.99999E-3,-72.000004E-3,
,,,331.19999E-3,-92.000008E-3,
,,,331.39999E-3,-104.0000E-3,
,,,331.59999E-3,-124.0000E-3,
,,,331.79999E-3,-136.0000E-3,
,,,331.99999E-3,-148.0000E-3,
,,,332.19999E-3,-164.00000E-3,
,,,332.39999E-3,-172.00001E-3,
,,,332.59999E-3,-180.00001E-3,
,,,332.79999E-3,-184.00002E-3,
,,,332.99999E-3,-192.00000E-3,
,,,333.19999E-3,-196.00001E-3,
,,,333.39999E-3,-196.00001E-3,
,,,333.59999E-3,-196.00001E-3,
,,,333.79999E-3,-196.00001E-3,
,,,333.99999E-3,-192.00000E-3,
,,,334.19999E-3,-188.00001E-3,
,,,334.39999E-3,-184.00002E-3,
,,,334.59999E-3,-180.00001E-3,
,,,334.79999E-3,-172.00001E-3,
,,,334.99999E-3,-164.00000E-3,
,,,335.19999E-3,-160.00001E-3,
,,,335.39999E-3,-152.00001E-3,
,,,335.59999E-3,-144.0000E-3,
,,,335.79999E-3,-136.0000E-3,
,,,335.99999E-3,-128.0000E-3,
,,,336.19999E-3,-128.0000E-3,
,,,336.39999E-3,-120.0000E-3,
,,,336.59999E-3,-112.0000E-3,
,,,336.79999E-3,-108.0000E-3,
,,,336.99999E-3,-100.0000E-3,
,,,337.19999E-3,-96.000001E-3,
,,,337.39999E-3,-96.000001E-3,
,,,337.59999E-3,-92.000008E-3,
,,,337.79999E-3,-88.000007E-3,
,,,337.99999E-3,-84.000006E-3,
,,,338.19999E-3,-80.000006E-3,
,,,338.39999E-3,-76.000005E-3,
,,,338.59999E-3,-76.000005E-3,
,,,338.79999E-3,-72.000004E-3,
,,,338.99999E-3,-72.000004E-3,
,,,339.19999E-3,-68.000004E-3,
,,,339.39999E-3,-64.000003E-3,
,,,339.59999E-3,-60.000002E-3,
,,,339.79999E-3,-56.000002E-3,
,,,339.99999E-3,-48.00000E-3,
,,,340.19999E-3,-44.00000E-3,
,,,340.39999E-3,-40.00000E-3,
,,,340.59999E-3,-32.00000E-3,
,,,340.79999E-3,-24.00000E-3,
,,,340.99999E-3,-20.0000E-3,
,,,341.19999E-3,-12.0000E-3,
,,,341.39999E-3,4.00000E-3,
,,,341.59999E-3,12.0000E-3,
,,,341.79999E-3,24.00000E-3,
,,,341.99999E-3,32.00000E-3,
,,,342.19999E-3,48.00000E-3,
,,,342.39999E-3,64.000003E-3,
,,,342.59999E-3,80.000006E-3,
,,,342.79999E-3,96.000001E-3,
,,,342.99999E-3,116.0000E-3,
,,,343.19999E-3,136.0000E-3,
,,,343.39999E-3,152.00001E-3,
,,,343.59999E-3,168.00001E-3,
,,,343.79999E-3,188.00001E-3,
,,,343.99999E-3,200.00000E-3,
,,,344.19999E-3,216.00001E-3,
,,,344.39999E-3,232.00001E-3,
,,,344.59999E-3,236.00002E-3,
,,,344.79999E-3,244.00002E-3,
,,,344.99999E-3,252.00000E-3,
,,,345.19999E-3,252.00000E-3,
,,,345.39999E-3,252.00000E-3,
,,,345.59999E-3,244.00002E-3,
,,,345.79999E-3,236.00002E-3,
,,,345.99999E-3,228.00002E-3,
,,,346.19999E-3,212.00001E-3,
,,,346.39999E-3,200.00000E-3,
,,,346.59999E-3,184.00002E-3,
,,,346.79999E-3,164.00000E-3,
,,,346.99999E-3,144.0000E-3,
,,,347.19999E-3,124.0000E-3,
,,,347.39999E-3,104.0000E-3,
,,,347.59999E-3,80.000006E-3,
,,,347.79999E-3,60.000002E-3,
,,,347.99999E-3,40.00000E-3,
,,,348.19999E-3,20.0000E-3,
,,,348.39999E-3,4.00000E-3,
,,,348.59999E-3,-12.0000E-3,
,,,348.79999E-3,-32.00000E-3,
,,,348.99999E-3,-48.00000E-3,
,,,349.19999E-3,-64.000003E-3,
,,,349.39999E-3,-76.000005E-3,
,,,349.59999E-3,-92.000008E-3,
,,,349.79999E-3,-104.0000E-3,
,,,349.99999E-3,-116.0000E-3,
,,,350.19999E-3,-124.0000E-3,
,,,350.39999E-3,-132.0000E-3,
,,,350.59999E-3,-140.0000E-3,
,,,350.79999E-3,-148.0000E-3,
,,,350.99999E-3,-152.00001E-3,
,,,351.19999E-3,-152.00001E-3,
,,,351.39999E-3,-156.00000E-3,
,,,351.59999E-3,-152.00001E-3,
,,,351.79999E-3,-152.00001E-3,
,,,351.99999E-3,-148.0000E-3,
,,,352.19999E-3,-148.0000E-3,
,,,352.39999E-3,-140.0000E-3,
,,,352.59999E-3,-140.0000E-3,
,,,352.79999E-3,-136.0000E-3,
,,,352.99999E-3,-132.0000E-3,
,,,353.19999E-3,-128.0000E-3,
,,,353.39999E-3,-120.0000E-3,
,,,353.59999E-3,-116.0000E-3,
,,,353.79999E-3,-112.0000E-3,
,,,353.99999E-3,-108.0000E-3,
,,,354.19999E-3,-104.0000E-3,
,,,354.39999E-3,-100.0000E-3,
,,,354.59999E-3,-96.000001E-3,
,,,354.79999E-3,-92.000008E-3,
,,,354.99999E-3,-92.000008E-3,
,,,355.19999E-3,-88.000007E-3,
,,,355.39999E-3,-84.000006E-3,
,,,355.59999E-3,-80.000006E-3,
,,,355.79999E-3,-80.000006E-3,
,,,355.99999E-3,-80.000006E-3,
,,,356.19999E-3,-76.000005E-3,
,,,356.39999E-3,-76.000005E-3,
,,,356.59999E-3,-72.000004E-3,
,,,356.79999E-3,-68.000004E-3,
,,,356.99999E-3,-64.000003E-3,
,,,357.19999E-3,-64.000003E-3,
,,,357.39999E-3,-56.000002E-3,
,,,357.59999E-3,-52.00000E-3,
,,,357.79999E-3,-44.00000E-3,
,,,357.99999E-3,-40.00000E-3,
,,,358.19999E-3,-32.00000E-3,
,,,358.39999E-3,-20.0000E-3,
,,,358.59999E-3,-12.0000E-3,
,,,358.79999E-3,.,
,,,358.99999E-3,12.0000E-3,
,,,359.19999E-3,24.00000E-3,
,,,359.39999E-3,36.00000E-3,
,,,359.59999E-3,56.000002E-3,
,,,359.79999E-3,68.000004E-3,
,,,359.99999E-3,88.000007E-3,
,,,360.19999E-3,104.0000E-3,
,,,360.39999E-3,124.0000E-3,
,,,360.59999E-3,144.0000E-3,
,,,360.79999E-3,160.00001E-3,
,,,360.99999E-3,176.00001E-3,
,,,361.19999E-3,188.00001E-3,
,,,361.39999E-3,200.00000E-3,
,,,361.59999E-3,212.00001E-3,
,,,361.79999E-3,220.00001E-3,
,,,361.99999E-3,224.00001E-3,
,,,362.19999E-3,224.00001E-3,
,,,362.39999E-3,224.00001E-3,
,,,362.59999E-3,220.00001E-3,
,,,362.79999E-3,212.00001E-3,
,,,362.99999E-3,204.00001E-3,
,,,363.19999E-3,192.00000E-3,
,,,363.39999E-3,180.00001E-3,
,,,363.59999E-3,164.00000E-3,
,,,363.79999E-3,144.0000E-3,
,,,363.99999E-3,128.0000E-3,
,,,364.19999E-3,108.0000E-3,
,,,364.39999E-3,88.000007E-3,
,,,364.59999E-3,68.000004E-3,
,,,364.79999E-3,56.000002E-3,
,,,364.99999E-3,36.00000E-3,
,,,365.19999E-3,20.0000E-3,
,,,365.39999E-3,4.00000E-3,
,,,365.59999E-3,-12.0000E-3,
,,,365.79999E-3,-28.00000E-3,
,,,365.99999E-3,-44.00000E-3,
,,,366.19999E-3,-60.000002E-3,
,,,366.39999E-3,-72.000004E-3,
,,,366.59999E-3,-84.000006E-3,
,,,366.79999E-3,-92.000008E-3,
,,,366.99999E-3,-100.0000E-3,
,,,367.19999E-3,-108.0000E-3,
,,,367.39999E-3,-112.0000E-3,
,,,367.59999E-3,-116.0000E-3,
,,,367.79999E-3,-124.0000E-3,
,,,367.99999E-3,-124.0000E-3,
,,,368.19999E-3,-124.0000E-3,
,,,368.39999E-3,-124.0000E-3,
,,,368.59999E-3,-124.0000E-3,
,,,368.79999E-3,-124.0000E-3,
,,,368.99999E-3,-116.0000E-3,
,,,369.19999E-3,-116.0000E-3,
,,,369.39999E-3,-116.0000E-3,
,,,369.59999E-3,-108.0000E-3,
,,,369.79999E-3,-104.0000E-3,
,,,369.99999E-3,-100.0000E-3,
,,,370.19999E-3,-100.0000E-3,
,,,370.39999E-3,-96.000001E-3,
,,,370.59999E-3,-92.000008E-3,
,,,370.79999E-3,-92.000008E-3,
,,,370.99999E-3,-88.000007E-3,
,,,371.19999E-3,-88.000007E-3,
,,,371.39999E-3,-84.000006E-3,
,,,371.59999E-3,-84.000006E-3,
,,,371.79999E-3,-84.000006E-3,
,,,371.99999E-3,-80.000006E-3,
,,,372.19999E-3,-76.000005E-3,
,,,372.39999E-3,-80.000006E-3,
,,,372.59999E-3,-76.000005E-3,
,,,372.79999E-3,-76.000005E-3,
,,,372.99999E-3,-72.000004E-3,
,,,373.19999E-3,-72.000004E-3,
,,,373.39999E-3,-72.000004E-3,
,,,373.59999E-3,-68.000004E-3,
,,,373.79999E-3,-64.000003E-3,
,,,373.99999E-3,-56.000002E-3,
,,,374.19999E-3,-52.00000E-3,
,,,374.39999E-3,-48.00000E-3,
,,,374.59999E-3,-44.00000E-3,
,,,374.79999E-3,-36.00000E-3,
,,,374.99999E-3,-28.00000E-3,
,,,375.19999E-3,-20.0000E-3,
,,,375.39999E-3,-8.000000E-3,
,,,375.59999E-3,4.00000E-3,
,,,375.79999E-3,12.0000E-3,
,,,375.99999E-3,24.00000E-3,
,,,376.19999E-3,36.00000E-3,
,,,376.39999E-3,48.00000E-3,
,,,376.59999E-3,60.000002E-3,
,,,376.79999E-3,76.000005E-3,
,,,376.99999E-3,92.000008E-3,
,,,377.19999E-3,104.0000E-3,
,,,377.39999E-3,116.0000E-3,
,,,377.59999E-3,128.0000E-3,
,,,377.79999E-3,136.0000E-3,
,,,377.99999E-3,144.0000E-3,
,,,378.19999E-3,152.00001E-3,
,,,378.39999E-3,156.00000E-3,
,,,378.59999E-3,160.00001E-3,
,,,378.79999E-3,160.00001E-3,
,,,378.99999E-3,156.00000E-3,
,,,379.19999E-3,152.00001E-3,
,,,379.39999E-3,140.0000E-3,
,,,379.59999E-3,132.0000E-3,
,,,379.79999E-3,120.0000E-3,
,,,379.99999E-3,108.0000E-3,
,,,380.19999E-3,96.000001E-3,
,,,380.39999E-3,84.000006E-3,
,,,380.59999E-3,68.000004E-3,
,,,380.79999E-3,56.000002E-3,
,,,380.99999E-3,44.00000E-3,
,,,381.19999E-3,32.00000E-3,
,,,381.39999E-3,20.0000E-3,
,,,381.59999E-3,8.000000E-3,
,,,381.79999E-3,.,
,,,381.99999E-3,-8.000000E-3,
,,,382.19999E-3,-20.0000E-3,
,,,382.39999E-3,-28.00000E-3,
,,,382.59999E-3,-36.00000E-3,
,,,382.79999E-3,-48.00000E-3,
,,,382.99999E-3,-52.00000E-3,
,,,383.19999E-3,-56.000002E-3,
,,,383.39999E-3,-60.000002E-3,
,,,383.59999E-3,-68.000004E-3,
,,,383.79999E-3,-68.000004E-3,
,,,383.99999E-3,-72.000004E-3,
,,,384.19999E-3,-72.000004E-3,
,,,384.39999E-3,-76.000005E-3,
,,,384.59999E-3,-76.000005E-3,
,,,384.79999E-3,-76.000005E-3,
,,,384.99999E-3,-76.000005E-3,
,,,385.19999E-3,-76.000005E-3,
,,,385.39999E-3,-72.000004E-3,
,,,385.59999E-3,-76.000005E-3,
,,,385.79999E-3,-72.000004E-3,
,,,385.99999E-3,-72.000004E-3,
,,,386.19999E-3,-72.000004E-3,
,,,386.39999E-3,-72.000004E-3,
,,,386.59999E-3,-72.000004E-3,
,,,386.79999E-3,-72.000004E-3,
,,,386.99999E-3,-72.000004E-3,
,,,387.19999E-3,-72.000004E-3,
,,,387.39999E-3,-72.000004E-3,
,,,387.59999E-3,-72.000004E-3,
,,,387.79999E-3,-76.000005E-3,
,,,387.99999E-3,-76.000005E-3,
,,,388.19999E-3,-76.000005E-3,
,,,388.39999E-3,-76.000005E-3,
,,,388.59999E-3,-76.000005E-3,
,,,388.79999E-3,-80.000006E-3,
,,,388.99999E-3,-80.000006E-3,
,,,389.19999E-3,-76.000005E-3,
,,,389.39999E-3,-72.000004E-3,
,,,389.59999E-3,-76.000005E-3,
,,,389.79999E-3,-76.000005E-3,
,,,389.99999E-3,-68.000004E-3,
,,,390.19999E-3,-64.000003E-3,
,,,390.39999E-3,-56.000002E-3,
,,,390.59999E-3,-48.00000E-3,
,,,390.79999E-3,-44.00000E-3,
,,,390.99999E-3,-32.00000E-3,
,,,391.19999E-3,-24.00000E-3,
,,,391.39999E-3,-12.0000E-3,
,,,391.59999E-3,.,
,,,391.79999E-3,12.0000E-3,
,,,391.99999E-3,28.00000E-3,
,,,392.19999E-3,36.00000E-3,
,,,392.39999E-3,52.00000E-3,
,,,392.59999E-3,64.000003E-3,
,,,392.79999E-3,80.000006E-3,
,,,392.99999E-3,92.000008E-3,
,,,393.19999E-3,104.0000E-3,
,,,393.39999E-3,120.0000E-3,
,,,393.59999E-3,128.0000E-3,
,,,393.79999E-3,136.0000E-3,
,,,393.99999E-3,140.0000E-3,
,,,394.19999E-3,144.0000E-3,
,,,394.39999E-3,144.0000E-3,
,,,394.59999E-3,140.0000E-3,
,,,394.79999E-3,136.0000E-3,
,,,394.99999E-3,132.0000E-3,
,,,395.19999E-3,124.0000E-3,
,,,395.39999E-3,112.0000E-3,
,,,395.59999E-3,100.0000E-3,
,,,395.79999E-3,88.000007E-3,
,,,395.99999E-3,72.000004E-3,
,,,396.19999E-3,60.000002E-3,
,,,396.39999E-3,52.00000E-3,
,,,396.59999E-3,40.00000E-3,
,,,396.79999E-3,32.00000E-3,
,,,396.99999E-3,20.0000E-3,
,,,397.19999E-3,12.0000E-3,
,,,397.39999E-3,.,
,,,397.59999E-3,-12.0000E-3,
,,,397.79999E-3,-16.0000E-3,
,,,397.99999E-3,-24.00000E-3,
,,,398.19999E-3,-32.00000E-3,
,,,398.39999E-3,-36.00000E-3,
,,,398.59999E-3,-40.00000E-3,
,,,398.79999E-3,-48.00000E-3,
,,,398.99999E-3,-48.00000E-3,
,,,399.19999E-3,-48.00000E-3,
,,,399.39999E-3,-52.00000E-3,
,,,399.59999E-3,-52.00000E-3,
,,,399.79999E-3,-52.00000E-3,
,,,399.99999E-3,-52.00000E-3,
,,,400.19999E-3,-52.00000E-3,
,,,400.39999E-3,-56.000002E-3,
,,,400.59999E-3,-56.000002E-3,
,,,400.79999E-3,-56.000002E-3,
,,,400.99999E-3,-56.000002E-3,
,,,401.19999E-3,-56.000002E-3,
,,,401.39999E-3,-56.000002E-3,
,,,401.59999E-3,-56.000002E-3,
,,,401.79999E-3,-60.000002E-3,
,,,401.99999E-3,-60.000002E-3,
,,,402.19999E-3,-64.000003E-3,
,,,402.39999E-3,-64.000003E-3,
,,,402.59999E-3,-64.000003E-3,
,,,402.79999E-3,-64.000003E-3,
,,,402.99999E-3,-68.000004E-3,
,,,403.19999E-3,-68.000004E-3,
,,,403.39999E-3,-72.000004E-3,
,,,403.599990E-3,-72.000004E-3,
,,,403.799990E-3,-76.000005E-3,
,,,403.999990E-3,-80.000006E-3,
,,,404.199990E-3,-80.000006E-3,
,,,404.399990E-3,-80.000006E-3,
,,,404.599990E-3,-80.000006E-3,
,,,404.799990E-3,-76.000005E-3,
,,,404.999990E-3,-72.000004E-3,
,,,405.199990E-3,-68.000004E-3,
,,,405.399990E-3,-64.000003E-3,
,,,405.599990E-3,-60.000002E-3,
,,,405.799990E-3,-52.00000E-3,
,,,405.999990E-3,-44.00000E-3,
,,,406.199990E-3,-32.00000E-3,
,,,406.399990E-3,-20.0000E-3,
,,,406.599990E-3,-12.0000E-3,
,,,406.799990E-3,.,
,,,406.999990E-3,16.0000E-3,
,,,407.199990E-3,28.00000E-3,
,,,407.399990E-3,44.00000E-3,
,,,407.599990E-3,56.000002E-3,
,,,407.799990E-3,68.000004E-3,
,,,407.999990E-3,80.000006E-3,
,,,408.199990E-3,96.000001E-3,
,,,408.399990E-3,104.0000E-3,
,,,408.599990E-3,112.0000E-3,
,,,408.799990E-3,120.0000E-3,
,,,408.999990E-3,124.0000E-3,
,,,409.199990E-3,128.0000E-3,
,,,409.399990E-3,128.0000E-3,
,,,409.599990E-3,124.0000E-3,
,,,409.799990E-3,120.0000E-3,
,,,409.999989E-3,116.0000E-3,
,,,410.199989E-3,104.0000E-3,
,,,410.399989E-3,96.000001E-3,
,,,410.599989E-3,88.000007E-3,
,,,410.799989E-3,76.000005E-3,
,,,410.999989E-3,68.000004E-3,
,,,411.199989E-3,60.000002E-3,
,,,411.399989E-3,48.00000E-3,
,,,411.599989E-3,40.00000E-3,
,,,411.799989E-3,32.00000E-3,
,,,411.999989E-3,20.0000E-3,
,,,412.199989E-3,12.0000E-3,
,,,412.399989E-3,4.00000E-3,
,,,412.599989E-3,.,
,,,412.799989E-3,-12.0000E-3,
,,,412.999989E-3,-16.0000E-3,
,,,413.199989E-3,-20.0000E-3,
,,,413.399989E-3,-24.00000E-3,
,,,413.599989E-3,-28.00000E-3,
,,,413.799989E-3,-32.00000E-3,
,,,413.999989E-3,-36.00000E-3,
,,,414.199989E-3,-40.00000E-3,
,,,414.399989E-3,-40.00000E-3,
,,,414.599989E-3,-44.00000E-3,
,,,414.799989E-3,-44.00000E-3,
,,,414.999989E-3,-48.00000E-3,
,,,415.199989E-3,-44.00000E-3,
,,,415.399989E-3,-48.00000E-3,
,,,415.599989E-3,-48.00000E-3,
,,,415.799989E-3,-52.00000E-3,
,,,415.999989E-3,-52.00000E-3,
,,,416.199989E-3,-52.00000E-3,
,,,416.399989E-3,-52.00000E-3,
,,,416.599989E-3,-56.000002E-3,
,,,416.799989E-3,-60.000002E-3,
,,,416.999989E-3,-64.000003E-3,
,,,417.199989E-3,-64.000003E-3,
,,,417.399989E-3,-64.000003E-3,
,,,417.599989E-3,-68.000004E-3,
,,,417.799989E-3,-72.000004E-3,
,,,417.999989E-3,-72.000004E-3,
,,,418.199989E-3,-76.000005E-3,
,,,418.399989E-3,-76.000005E-3,
,,,418.599989E-3,-80.000006E-3,
,,,418.799989E-3,-76.000005E-3,
,,,418.999989E-3,-76.000005E-3,
,,,419.199989E-3,-76.000005E-3,
,,,419.399989E-3,-72.000004E-3,
,,,419.599989E-3,-72.000004E-3,
,,,419.799989E-3,-60.000002E-3,
,,,419.999989E-3,-56.000002E-3,
,,,420.199989E-3,-52.00000E-3,
,,,420.399989E-3,-40.00000E-3,
,,,420.599989E-3,-28.00000E-3,
,,,420.799989E-3,-20.0000E-3,
,,,420.999989E-3,-8.000000E-3,
,,,421.199989E-3,8.000000E-3,
,,,421.399989E-3,20.0000E-3,
,,,421.599989E-3,32.00000E-3,
,,,421.799989E-3,44.00000E-3,
,,,421.999989E-3,60.000002E-3,
,,,422.199989E-3,68.000004E-3,
,,,422.399989E-3,84.000006E-3,
,,,422.599989E-3,92.000008E-3,
,,,422.799989E-3,108.0000E-3,
,,,422.999989E-3,108.0000E-3,
,,,423.199989E-3,120.0000E-3,
,,,423.399989E-3,120.0000E-3,
,,,423.599989E-3,124.0000E-3,
,,,423.799989E-3,124.0000E-3,
,,,423.999989E-3,120.0000E-3,
,,,424.199989E-3,116.0000E-3,
,,,424.399989E-3,108.0000E-3,
,,,424.599989E-3,100.0000E-3,
,,,424.799989E-3,92.000008E-3,
,,,424.999989E-3,84.000006E-3,
,,,425.199989E-3,76.000005E-3,
,,,425.399989E-3,64.000003E-3,
,,,425.599989E-3,56.000002E-3,
,,,425.799989E-3,44.00000E-3,
,,,425.999989E-3,36.00000E-3,
,,,426.199989E-3,28.00000E-3,
,,,426.399989E-3,20.0000E-3,
,,,426.599989E-3,8.000000E-3,
,,,426.799989E-3,4.00000E-3,
,,,426.999989E-3,-4.00000E-3,
,,,427.199989E-3,-12.0000E-3,
,,,427.399989E-3,-16.0000E-3,
,,,427.599989E-3,-20.0000E-3,
,,,427.799989E-3,-24.00000E-3,
,,,427.999989E-3,-28.00000E-3,
,,,428.199989E-3,-28.00000E-3,
,,,428.399989E-3,-32.00000E-3,
,,,428.599989E-3,-36.00000E-3,
,,,428.799989E-3,-40.00000E-3,
,,,428.999989E-3,-40.00000E-3,
,,,429.199989E-3,-40.00000E-3,
,,,429.399989E-3,-40.00000E-3,
,,,429.599989E-3,-44.00000E-3,
,,,429.799989E-3,-48.00000E-3,
,,,429.999989E-3,-48.00000E-3,
,,,430.199989E-3,-52.00000E-3,
,,,430.399989E-3,-56.000002E-3,
,,,430.599989E-3,-56.000002E-3,
,,,430.799989E-3,-56.000002E-3,
,,,430.999989E-3,-60.000002E-3,
,,,431.199989E-3,-64.000003E-3,
,,,431.399989E-3,-64.000003E-3,
,,,431.599989E-3,-68.000004E-3,
,,,431.799989E-3,-72.000004E-3,
,,,431.999989E-3,-76.000005E-3,
,,,432.199989E-3,-76.000005E-3,
,,,432.399989E-3,-80.000006E-3,
,,,432.599989E-3,-84.000006E-3,
,,,432.799989E-3,-84.000006E-3,
,,,432.999989E-3,-84.000006E-3,
,,,433.199989E-3,-84.000006E-3,
,,,433.399989E-3,-84.000006E-3,
,,,433.599989E-3,-80.000006E-3,
,,,433.799989E-3,-76.000005E-3,
,,,433.999989E-3,-72.000004E-3,
,,,434.199989E-3,-64.000003E-3,
,,,434.399989E-3,-56.000002E-3,
,,,434.599989E-3,-48.00000E-3,
,,,434.799989E-3,-36.00000E-3,
,,,434.999989E-3,-20.0000E-3,
,,,435.199989E-3,-12.0000E-3,
,,,435.399989E-3,4.00000E-3,
,,,435.599989E-3,20.0000E-3,
,,,435.799989E-3,36.00000E-3,
,,,435.999989E-3,44.00000E-3,
,,,436.199989E-3,56.000002E-3,
,,,436.399989E-3,68.000004E-3,
,,,436.599989E-3,80.000006E-3,
,,,436.799989E-3,92.000008E-3,
,,,436.999989E-3,104.0000E-3,
,,,437.199989E-3,108.0000E-3,
,,,437.399989E-3,112.0000E-3,
,,,437.599989E-3,116.0000E-3,
,,,437.799989E-3,116.0000E-3,
,,,437.999989E-3,112.0000E-3,
,,,438.199989E-3,112.0000E-3,
,,,438.399989E-3,104.0000E-3,
,,,438.599989E-3,96.000001E-3,
,,,438.799989E-3,92.000008E-3,
,,,438.999989E-3,80.000006E-3,
,,,439.199989E-3,76.000005E-3,
,,,439.399989E-3,68.000004E-3,
,,,439.599989E-3,60.000002E-3,
,,,439.799989E-3,52.00000E-3,
,,,439.999989E-3,40.00000E-3,
,,,440.199989E-3,32.00000E-3,
,,,440.399989E-3,24.00000E-3,
,,,440.599989E-3,16.0000E-3,
,,,440.799989E-3,12.0000E-3,
,,,440.999989E-3,4.00000E-3,
,,,441.199989E-3,.,
,,,441.399989E-3,-8.000000E-3,
,,,441.599989E-3,-12.0000E-3,
,,,441.799989E-3,-16.0000E-3,
,,,441.999989E-3,-20.0000E-3,
,,,442.199989E-3,-24.00000E-3,
,,,442.399989E-3,-28.00000E-3,
,,,442.599989E-3,-28.00000E-3,
,,,442.799989E-3,-32.00000E-3,
,,,442.999989E-3,-36.00000E-3,
,,,443.199989E-3,-40.00000E-3,
,,,443.399989E-3,-40.00000E-3,
,,,443.599989E-3,-44.00000E-3,
,,,443.799989E-3,-48.00000E-3,
,,,443.999989E-3,-52.00000E-3,
,,,444.199989E-3,-56.000002E-3,
,,,444.399989E-3,-56.000002E-3,
,,,444.599989E-3,-60.000002E-3,
,,,444.799989E-3,-64.000003E-3,
,,,444.999989E-3,-68.000004E-3,
,,,445.199989E-3,-72.000004E-3,
,,,445.399989E-3,-76.000005E-3,
,,,445.599989E-3,-80.000006E-3,
,,,445.799989E-3,-80.000006E-3,
,,,445.999989E-3,-84.000006E-3,
,,,446.199989E-3,-84.000006E-3,
,,,446.399989E-3,-84.000006E-3,
,,,446.599989E-3,-88.000007E-3,
,,,446.799989E-3,-88.000007E-3,
,,,446.999989E-3,-84.000006E-3,
,,,447.199989E-3,-80.000006E-3,
,,,447.399989E-3,-76.000005E-3,
,,,447.599989E-3,-68.000004E-3,
,,,447.799989E-3,-60.000002E-3,
,,,447.999989E-3,-48.00000E-3,
,,,448.199989E-3,-40.00000E-3,
,,,448.399989E-3,-28.00000E-3,
,,,448.599989E-3,-12.0000E-3,
,,,448.799989E-3,.,
,,,448.999989E-3,12.0000E-3,
,,,449.199989E-3,24.00000E-3,
,,,449.399989E-3,40.00000E-3,
,,,449.599988E-3,56.000002E-3,
,,,449.799988E-3,64.000003E-3,
,,,449.999988E-3,76.000005E-3,
,,,450.199988E-3,84.000006E-3,
,,,450.399988E-3,92.000008E-3,
,,,450.599988E-3,100.0000E-3,
,,,450.799988E-3,100.0000E-3,
,,,450.999988E-3,104.0000E-3,
,,,451.199988E-3,104.0000E-3,
,,,451.399988E-3,104.0000E-3,
,,,451.599988E-3,96.000001E-3,
,,,451.799988E-3,96.000001E-3,
,,,451.999988E-3,92.000008E-3,
,,,452.199988E-3,84.000006E-3,
,,,452.399988E-3,80.000006E-3,
,,,452.599988E-3,68.000004E-3,
,,,452.799988E-3,64.000003E-3,
,,,452.999988E-3,56.000002E-3,
,,,453.199988E-3,48.00000E-3,
,,,453.399988E-3,44.00000E-3,
,,,453.599988E-3,36.00000E-3,
,,,453.799988E-3,28.00000E-3,
,,,453.999988E-3,20.0000E-3,
,,,454.199988E-3,16.0000E-3,
,,,454.399988E-3,16.0000E-3,
,,,454.599988E-3,8.000000E-3,
,,,454.799988E-3,4.00000E-3,
,,,454.999988E-3,.,
,,,455.199988E-3,.,
,,,455.399988E-3,-4.00000E-3,
,,,455.599988E-3,-8.000000E-3,
,,,455.799988E-3,-12.0000E-3,
,,,455.999988E-3,-16.0000E-3,
,,,456.199988E-3,-20.0000E-3,
,,,456.399988E-3,-20.0000E-3,
,,,456.599988E-3,-24.00000E-3,
,,,456.799988E-3,-28.00000E-3,
,,,456.999988E-3,-32.00000E-3,
,,,457.199988E-3,-36.00000E-3,
,,,457.399988E-3,-40.00000E-3,
,,,457.599988E-3,-44.00000E-3,
,,,457.799988E-3,-48.00000E-3,
,,,457.999988E-3,-56.000002E-3,
,,,458.199988E-3,-56.000002E-3,
,,,458.399988E-3,-64.000003E-3,
,,,458.599988E-3,-68.000004E-3,
,,,458.799988E-3,-72.000004E-3,
,,,458.999988E-3,-72.000004E-3,
,,,459.199988E-3,-80.000006E-3,
,,,459.399988E-3,-84.000006E-3,
,,,459.599988E-3,-84.000006E-3,
,,,459.799988E-3,-84.000006E-3,
,,,459.999988E-3,-84.000006E-3,
,,,460.199988E-3,-88.000007E-3,
,,,460.399988E-3,-84.000006E-3,
,,,460.599988E-3,-84.000006E-3,
,,,460.799988E-3,-80.000006E-3,
,,,460.999988E-3,-72.000004E-3,
,,,461.199988E-3,-64.000003E-3,
,,,461.399988E-3,-56.000002E-3,
,,,461.599988E-3,-44.00000E-3,
,,,461.799988E-3,-32.00000E-3,
,,,461.999988E-3,-20.0000E-3,
,,,462.199988E-3,-8.000000E-3,
,,,462.399988E-3,4.00000E-3,
,,,462.599988E-3,12.0000E-3,
,,,462.799988E-3,28.00000E-3,
,,,462.999988E-3,40.00000E-3,
,,,463.199988E-3,48.00000E-3,
,,,463.399988E-3,56.000002E-3,
,,,463.599988E-3,64.000003E-3,
,,,463.799988E-3,72.000004E-3,
,,,463.999988E-3,80.000006E-3,
,,,464.199988E-3,80.000006E-3,
,,,464.399988E-3,84.000006E-3,
,,,464.599988E-3,84.000006E-3,
,,,464.799988E-3,80.000006E-3,
,,,464.999988E-3,80.000006E-3,
,,,465.199988E-3,76.000005E-3,
,,,465.399988E-3,68.000004E-3,
,,,465.599988E-3,64.000003E-3,
,,,465.799988E-3,64.000003E-3,
,,,465.999988E-3,60.000002E-3,
,,,466.199988E-3,52.00000E-3,
,,,466.399988E-3,48.00000E-3,
,,,466.599988E-3,44.00000E-3,
,,,466.799988E-3,36.00000E-3,
,,,466.999988E-3,32.00000E-3,
,,,467.199988E-3,24.00000E-3,
,,,467.399988E-3,20.0000E-3,
,,,467.599988E-3,12.0000E-3,
,,,467.799988E-3,12.0000E-3,
,,,467.999988E-3,8.000000E-3,
,,,468.199988E-3,4.00000E-3,
,,,468.399988E-3,.,
,,,468.599988E-3,-4.00000E-3,
,,,468.799988E-3,-8.000000E-3,
,,,468.999988E-3,-12.0000E-3,
,,,469.199988E-3,-20.0000E-3,
,,,469.399988E-3,-24.00000E-3,
,,,469.599988E-3,-24.00000E-3,
,,,469.799988E-3,-32.00000E-3,
,,,469.999988E-3,-40.00000E-3,
,,,470.199988E-3,-44.00000E-3,
,,,470.399988E-3,-48.00000E-3,
,,,470.599988E-3,-52.00000E-3,
,,,470.799988E-3,-56.000002E-3,
,,,470.999988E-3,-64.000003E-3,
,,,471.199988E-3,-68.000004E-3,
,,,471.399988E-3,-72.000004E-3,
,,,471.599988E-3,-80.000006E-3,
,,,471.799988E-3,-80.000006E-3,
,,,471.999988E-3,-84.000006E-3,
,,,472.199988E-3,-88.000007E-3,
,,,472.399988E-3,-92.000008E-3,
,,,472.599988E-3,-92.000008E-3,
,,,472.799988E-3,-92.000008E-3,
,,,472.999988E-3,-92.000008E-3,
,,,473.199988E-3,-92.000008E-3,
,,,473.399988E-3,-88.000007E-3,
,,,473.599988E-3,-84.000006E-3,
,,,473.799988E-3,-76.000005E-3,
,,,473.999988E-3,-68.000004E-3,
,,,474.199988E-3,-56.000002E-3,
,,,474.399988E-3,-48.00000E-3,
,,,474.599988E-3,-32.00000E-3,
,,,474.799988E-3,-20.0000E-3,
,,,474.999988E-3,-12.0000E-3,
,,,475.199988E-3,4.00000E-3,
,,,475.399988E-3,16.0000E-3,
,,,475.599988E-3,28.00000E-3,
,,,475.799988E-3,40.00000E-3,
,,,475.999988E-3,44.00000E-3,
,,,476.199988E-3,56.000002E-3,
,,,476.399988E-3,64.000003E-3,
,,,476.599988E-3,72.000004E-3,
,,,476.799988E-3,76.000005E-3,
,,,476.999988E-3,80.000006E-3,
,,,477.199988E-3,80.000006E-3,
,,,477.399988E-3,80.000006E-3,
,,,477.599988E-3,84.000006E-3,
,,,477.799988E-3,80.000006E-3,
,,,477.999988E-3,80.000006E-3,
,,,478.199988E-3,80.000006E-3,
,,,478.399988E-3,76.000005E-3,
,,,478.599988E-3,72.000004E-3,
,,,478.799988E-3,60.000002E-3,
,,,478.999988E-3,56.000002E-3,
,,,479.199988E-3,48.00000E-3,
,,,479.399988E-3,44.00000E-3,
,,,479.599988E-3,36.00000E-3,
,,,479.799988E-3,28.00000E-3,
,,,479.999988E-3,20.0000E-3,
,,,480.199988E-3,12.0000E-3,
,,,480.399988E-3,8.000000E-3,
,,,480.599988E-3,.,
,,,480.799988E-3,-8.000000E-3,
,,,480.999988E-3,-12.0000E-3,
,,,481.199988E-3,-20.0000E-3,
,,,481.399988E-3,-24.00000E-3,
,,,481.599988E-3,-32.00000E-3,
,,,481.799988E-3,-40.00000E-3,
,,,481.999988E-3,-48.00000E-3,
,,,482.199988E-3,-48.00000E-3,
,,,482.399988E-3,-56.000002E-3,
,,,482.599988E-3,-60.000002E-3,
,,,482.799988E-3,-68.000004E-3,
,,,482.999988E-3,-72.000004E-3,
,,,483.199988E-3,-76.000005E-3,
,,,483.399988E-3,-80.000006E-3,
,,,483.599988E-3,-80.000006E-3,
,,,483.799988E-3,-84.000006E-3,
,,,483.999988E-3,-84.000006E-3,
,,,484.199988E-3,-80.000006E-3,
,,,484.399988E-3,-80.000006E-3,
,,,484.599988E-3,-76.000005E-3,
,,,484.799988E-3,-68.000004E-3,
,,,484.999988E-3,-64.000003E-3,
,,,485.199988E-3,-52.00000E-3,
,,,485.399988E-3,-40.00000E-3,
,,,485.599988E-3,-28.00000E-3,
,,,485.799988E-3,-12.0000E-3,
,,,485.999988E-3,-4.00000E-3,
,,,486.199988E-3,12.0000E-3,
,,,486.399988E-3,20.0000E-3,
,,,486.599988E-3,32.00000E-3,
,,,486.799988E-3,48.00000E-3,
,,,486.999988E-3,56.000002E-3,
,,,487.199988E-3,64.000003E-3,
,,,487.399988E-3,76.000005E-3,
,,,487.599988E-3,84.000006E-3,
,,,487.799988E-3,88.000007E-3,
,,,487.999988E-3,92.000008E-3,
,,,488.199988E-3,96.000001E-3,
,,,488.399988E-3,104.0000E-3,
,,,488.599988E-3,104.0000E-3,
,,,488.799988E-3,104.0000E-3,
,,,488.999988E-3,104.0000E-3,
,,,489.199987E-3,100.0000E-3,
,,,489.399987E-3,100.0000E-3,
,,,489.599987E-3,96.000001E-3,
,,,489.799987E-3,96.000001E-3,
,,,489.999987E-3,92.000008E-3,
,,,490.199987E-3,88.000007E-3,
,,,490.399987E-3,80.000006E-3,
,,,490.599987E-3,40.00000E-3,
,,,490.799987E-3,-48.00000E-3,
,,,490.999987E-3,-48.00000E-3,
,,,491.199987E-3,-36.00000E-3,
,,,491.399987E-3,-32.00000E-3,
,,,491.599987E-3,-32.00000E-3,
,,,491.799987E-3,-28.00000E-3,
,,,491.999987E-3,-28.00000E-3,
,,,492.199987E-3,-24.00000E-3,
,,,492.399987E-3,-24.00000E-3,
,,,492.599987E-3,-20.0000E-3,
,,,492.799987E-3,-20.0000E-3,
,,,492.999987E-3,-20.0000E-3,
,,,493.199987E-3,-16.0000E-3,
,,,493.399987E-3,-16.0000E-3,
,,,493.599987E-3,-12.0000E-3,
,,,493.799987E-3,-12.0000E-3,
,,,493.999987E-3,-12.0000E-3,
,,,494.199987E-3,-12.0000E-3,
,,,494.399987E-3,-12.0000E-3,
,,,494.599987E-3,-12.0000E-3,
,,,494.799987E-3,-8.000000E-3,
,,,494.999987E-3,-8.000000E-3,
,,,495.199987E-3,-4.00000E-3,
,,,495.399987E-3,-4.00000E-3,
,,,495.599987E-3,-4.00000E-3,
,,,495.799987E-3,-4.00000E-3,
,,,495.999987E-3,-8.000000E-3,
,,,496.199987E-3,-4.00000E-3,
,,,496.399987E-3,-4.00000E-3,
,,,496.599987E-3,.,
,,,496.799987E-3,-4.00000E-3,
,,,496.999987E-3,.,
,,,497.199987E-3,4.00000E-3,
,,,497.399987E-3,4.00000E-3,
,,,497.599987E-3,4.00000E-3,
,,,497.799987E-3,4.00000E-3,
